image_1,image_2,distance
/content/drive/My Drive/peekbank/image_sets/garrison_bergelson_2020/kitty12.jpg,/content/drive/My Drive/peekbank/image_sets/garrison_bergelson_2020/puppy14.jpg,0.575
/content/drive/My Drive/peekbank/image_sets/garrison_bergelson_2020/elephant18.jpg,/content/drive/My Drive/peekbank/image_sets/garrison_bergelson_2020/book60.jpg,0.823
/content/drive/My Drive/peekbank/image_sets/garrison_bergelson_2020/ball.jpg,/content/drive/My Drive/peekbank/image_sets/garrison_bergelson_2020/highchair.jpg,0.915
/content/drive/My Drive/peekbank/image_sets/garrison_bergelson_2020/puppy14.jpg,/content/drive/My Drive/peekbank/image_sets/garrison_bergelson_2020/kitty12.jpg,0.575
/content/drive/My Drive/peekbank/image_sets/garrison_bergelson_2020/baba2.jpg,/content/drive/My Drive/peekbank/image_sets/garrison_bergelson_2020/shoe.jpg,0.646
/content/drive/My Drive/peekbank/image_sets/garrison_bergelson_2020/highchair2.jpg,/content/drive/My Drive/peekbank/image_sets/garrison_bergelson_2020/ball50.jpg,0.693
/content/drive/My Drive/peekbank/image_sets/garrison_bergelson_2020/book7.jpg,/content/drive/My Drive/peekbank/image_sets/garrison_bergelson_2020/elephant.jpg,0.896
/content/drive/My Drive/peekbank/image_sets/garrison_bergelson_2020/shoe8.jpg,/content/drive/My Drive/peekbank/image_sets/garrison_bergelson_2020/baba7.jpg,0.769
/content/drive/My Drive/peekbank/image_sets/garrison_bergelson_2020/kitty.jpg,/content/drive/My Drive/peekbank/image_sets/garrison_bergelson_2020/puppy2.jpg,0.765
/content/drive/My Drive/peekbank/image_sets/garrison_bergelson_2020/baba7.jpg,/content/drive/My Drive/peekbank/image_sets/garrison_bergelson_2020/shoe8.jpg,0.769
/content/drive/My Drive/peekbank/image_sets/garrison_bergelson_2020/puppy2.jpg,/content/drive/My Drive/peekbank/image_sets/garrison_bergelson_2020/kitty.jpg,0.765
/content/drive/My Drive/peekbank/image_sets/garrison_bergelson_2020/ball50.jpg,/content/drive/My Drive/peekbank/image_sets/garrison_bergelson_2020/highchair2.jpg,0.693
/content/drive/My Drive/peekbank/image_sets/garrison_bergelson_2020/shoe.jpg,/content/drive/My Drive/peekbank/image_sets/garrison_bergelson_2020/baba2.jpg,0.646
/content/drive/My Drive/peekbank/image_sets/garrison_bergelson_2020/book60.jpg,/content/drive/My Drive/peekbank/image_sets/garrison_bergelson_2020/elephant18.jpg,0.823
/content/drive/My Drive/peekbank/image_sets/garrison_bergelson_2020/highchair.jpg,/content/drive/My Drive/peekbank/image_sets/garrison_bergelson_2020/ball.jpg,0.915
/content/drive/My Drive/peekbank/image_sets/garrison_bergelson_2020/elephant.jpg,/content/drive/My Drive/peekbank/image_sets/garrison_bergelson_2020/book7.jpg,0.896
/content/drive/My Drive/peekbank/image_sets/garrison_bergelson_2020/ball56.jpg,/content/drive/My Drive/peekbank/image_sets/garrison_bergelson_2020/sippycup2.jpg,0.792
/content/drive/My Drive/peekbank/image_sets/garrison_bergelson_2020/block7.jpg,/content/drive/My Drive/peekbank/image_sets/garrison_bergelson_2020/headphones2.jpg,0.837
/content/drive/My Drive/peekbank/image_sets/garrison_bergelson_2020/brush.jpg,/content/drive/My Drive/peekbank/image_sets/garrison_bergelson_2020/truck7.jpg,0.864
/content/drive/My Drive/peekbank/image_sets/garrison_bergelson_2020/sippycup2.jpg,/content/drive/My Drive/peekbank/image_sets/garrison_bergelson_2020/ball56.jpg,0.792
/content/drive/My Drive/peekbank/image_sets/garrison_bergelson_2020/cat.jpg,/content/drive/My Drive/peekbank/image_sets/garrison_bergelson_2020/book7.jpg,0.95
/content/drive/My Drive/peekbank/image_sets/garrison_bergelson_2020/truck23.jpg,/content/drive/My Drive/peekbank/image_sets/garrison_bergelson_2020/brush5.jpg,0.747
/content/drive/My Drive/peekbank/image_sets/garrison_bergelson_2020/headphones.jpg,/content/drive/My Drive/peekbank/image_sets/garrison_bergelson_2020/block.jpg,0.868
/content/drive/My Drive/peekbank/image_sets/garrison_bergelson_2020/book68.jpg,/content/drive/My Drive/peekbank/image_sets/garrison_bergelson_2020/cat15.jpg,0.86
/content/drive/My Drive/peekbank/image_sets/garrison_bergelson_2020/ball.jpg,/content/drive/My Drive/peekbank/image_sets/garrison_bergelson_2020/sippycup.jpg,0.639
/content/drive/My Drive/peekbank/image_sets/garrison_bergelson_2020/cat15.jpg,/content/drive/My Drive/peekbank/image_sets/garrison_bergelson_2020/book68.jpg,0.86
/content/drive/My Drive/peekbank/image_sets/garrison_bergelson_2020/sippycup.jpg,/content/drive/My Drive/peekbank/image_sets/garrison_bergelson_2020/ball.jpg,0.639
/content/drive/My Drive/peekbank/image_sets/garrison_bergelson_2020/brush5.jpg,/content/drive/My Drive/peekbank/image_sets/garrison_bergelson_2020/truck23.jpg,0.747
/content/drive/My Drive/peekbank/image_sets/garrison_bergelson_2020/book7.jpg,/content/drive/My Drive/peekbank/image_sets/garrison_bergelson_2020/cat.jpg,0.95
/content/drive/My Drive/peekbank/image_sets/garrison_bergelson_2020/headphones2.jpg,/content/drive/My Drive/peekbank/image_sets/garrison_bergelson_2020/block7.jpg,0.837
/content/drive/My Drive/peekbank/image_sets/garrison_bergelson_2020/truck7.jpg,/content/drive/My Drive/peekbank/image_sets/garrison_bergelson_2020/brush.jpg,0.864
/content/drive/My Drive/peekbank/image_sets/garrison_bergelson_2020/block.jpg,/content/drive/My Drive/peekbank/image_sets/garrison_bergelson_2020/headphones.jpg,0.868
/content/drive/My Drive/peekbank/image_sets/garrison_bergelson_2020/doggy22.jpg,/content/drive/My Drive/peekbank/image_sets/garrison_bergelson_2020/bear13.jpg,0.633
/content/drive/My Drive/peekbank/image_sets/garrison_bergelson_2020/diaper9.jpg,/content/drive/My Drive/peekbank/image_sets/garrison_bergelson_2020/bathtub3.jpg,0.696
/content/drive/My Drive/peekbank/image_sets/garrison_bergelson_2020/vacuum.jpg,/content/drive/My Drive/peekbank/image_sets/garrison_bergelson_2020/ball.jpg,0.829
/content/drive/My Drive/peekbank/image_sets/garrison_bergelson_2020/piano.jpg,/content/drive/My Drive/peekbank/image_sets/garrison_bergelson_2020/cup.jpg,0.64
/content/drive/My Drive/peekbank/image_sets/garrison_bergelson_2020/bear13.jpg,/content/drive/My Drive/peekbank/image_sets/garrison_bergelson_2020/doggy22.jpg,0.633
/content/drive/My Drive/peekbank/image_sets/garrison_bergelson_2020/ball.jpg,/content/drive/My Drive/peekbank/image_sets/garrison_bergelson_2020/vacuum.jpg,0.829
/content/drive/My Drive/peekbank/image_sets/garrison_bergelson_2020/diaper.jpg,/content/drive/My Drive/peekbank/image_sets/garrison_bergelson_2020/bathtub.jpg,0.729
/content/drive/My Drive/peekbank/image_sets/garrison_bergelson_2020/vacuum7.jpg,/content/drive/My Drive/peekbank/image_sets/garrison_bergelson_2020/ball57.jpg,0.683
/content/drive/My Drive/peekbank/image_sets/garrison_bergelson_2020/doggy.jpg,/content/drive/My Drive/peekbank/image_sets/garrison_bergelson_2020/bear.jpg,0.709
/content/drive/My Drive/peekbank/image_sets/garrison_bergelson_2020/cup18.jpg,/content/drive/My Drive/peekbank/image_sets/garrison_bergelson_2020/piano7.jpg,0.768
/content/drive/My Drive/peekbank/image_sets/garrison_bergelson_2020/bathtub3.jpg,/content/drive/My Drive/peekbank/image_sets/garrison_bergelson_2020/diaper9.jpg,0.696
/content/drive/My Drive/peekbank/image_sets/garrison_bergelson_2020/bear.jpg,/content/drive/My Drive/peekbank/image_sets/garrison_bergelson_2020/doggy.jpg,0.709
/content/drive/My Drive/peekbank/image_sets/garrison_bergelson_2020/ball57.jpg,/content/drive/My Drive/peekbank/image_sets/garrison_bergelson_2020/vacuum7.jpg,0.683
/content/drive/My Drive/peekbank/image_sets/garrison_bergelson_2020/cup.jpg,/content/drive/My Drive/peekbank/image_sets/garrison_bergelson_2020/piano.jpg,0.64
/content/drive/My Drive/peekbank/image_sets/garrison_bergelson_2020/bathtub.jpg,/content/drive/My Drive/peekbank/image_sets/garrison_bergelson_2020/diaper.jpg,0.729
/content/drive/My Drive/peekbank/image_sets/garrison_bergelson_2020/piano7.jpg,/content/drive/My Drive/peekbank/image_sets/garrison_bergelson_2020/cup18.jpg,0.768
/content/drive/My Drive/peekbank/image_sets/garrison_bergelson_2020/shoe9.jpg,/content/drive/My Drive/peekbank/image_sets/garrison_bergelson_2020/blocks15.jpg,0.796
/content/drive/My Drive/peekbank/image_sets/garrison_bergelson_2020/water25.jpg,/content/drive/My Drive/peekbank/image_sets/garrison_bergelson_2020/sock6.jpg,0.717
/content/drive/My Drive/peekbank/image_sets/garrison_bergelson_2020/hat.jpg,/content/drive/My Drive/peekbank/image_sets/garrison_bergelson_2020/ball.jpg,0.716
/content/drive/My Drive/peekbank/image_sets/garrison_bergelson_2020/monkey.jpg,/content/drive/My Drive/peekbank/image_sets/garrison_bergelson_2020/dog.jpg,0.749
/content/drive/My Drive/peekbank/image_sets/garrison_bergelson_2020/blocks15.jpg,/content/drive/My Drive/peekbank/image_sets/garrison_bergelson_2020/shoe9.jpg,0.796
/content/drive/My Drive/peekbank/image_sets/garrison_bergelson_2020/ball.jpg,/content/drive/My Drive/peekbank/image_sets/garrison_bergelson_2020/hat.jpg,0.716
/content/drive/My Drive/peekbank/image_sets/garrison_bergelson_2020/water.jpg,/content/drive/My Drive/peekbank/image_sets/garrison_bergelson_2020/sock.jpg,0.715
/content/drive/My Drive/peekbank/image_sets/garrison_bergelson_2020/hat5.jpg,/content/drive/My Drive/peekbank/image_sets/garrison_bergelson_2020/ball51.jpg,0.746
/content/drive/My Drive/peekbank/image_sets/garrison_bergelson_2020/shoe2.jpg,/content/drive/My Drive/peekbank/image_sets/garrison_bergelson_2020/blocks2.jpg,NA
/content/drive/My Drive/peekbank/image_sets/garrison_bergelson_2020/dog21.jpg,/content/drive/My Drive/peekbank/image_sets/garrison_bergelson_2020/monkey18.jpg,0.668
/content/drive/My Drive/peekbank/image_sets/garrison_bergelson_2020/sock6.jpg,/content/drive/My Drive/peekbank/image_sets/garrison_bergelson_2020/water25.jpg,0.717
/content/drive/My Drive/peekbank/image_sets/garrison_bergelson_2020/blocks2.jpg,/content/drive/My Drive/peekbank/image_sets/garrison_bergelson_2020/shoe2.jpg,NA
/content/drive/My Drive/peekbank/image_sets/garrison_bergelson_2020/ball51.jpg,/content/drive/My Drive/peekbank/image_sets/garrison_bergelson_2020/hat5.jpg,0.746
/content/drive/My Drive/peekbank/image_sets/garrison_bergelson_2020/dog.jpg,/content/drive/My Drive/peekbank/image_sets/garrison_bergelson_2020/monkey.jpg,0.749
/content/drive/My Drive/peekbank/image_sets/garrison_bergelson_2020/sock.jpg,/content/drive/My Drive/peekbank/image_sets/garrison_bergelson_2020/water.jpg,0.715
/content/drive/My Drive/peekbank/image_sets/garrison_bergelson_2020/monkey18.jpg,/content/drive/My Drive/peekbank/image_sets/garrison_bergelson_2020/dog21.jpg,0.668
/content/drive/My Drive/peekbank/image_sets/garrison_bergelson_2020/ball52.jpg,/content/drive/My Drive/peekbank/image_sets/garrison_bergelson_2020/highchair3.jpg,0.865
/content/drive/My Drive/peekbank/image_sets/garrison_bergelson_2020/hat6.jpg,/content/drive/My Drive/peekbank/image_sets/garrison_bergelson_2020/truck22.jpg,0.773
/content/drive/My Drive/peekbank/image_sets/garrison_bergelson_2020/dog.jpg,/content/drive/My Drive/peekbank/image_sets/garrison_bergelson_2020/kittycat3.jpg,0.544
/content/drive/My Drive/peekbank/image_sets/garrison_bergelson_2020/highchair3.jpg,/content/drive/My Drive/peekbank/image_sets/garrison_bergelson_2020/ball52.jpg,0.865
/content/drive/My Drive/peekbank/image_sets/garrison_bergelson_2020/sippycup.jpg,/content/drive/My Drive/peekbank/image_sets/garrison_bergelson_2020/book7.jpg,0.843
/content/drive/My Drive/peekbank/image_sets/garrison_bergelson_2020/kittycat4.jpg,/content/drive/My Drive/peekbank/image_sets/garrison_bergelson_2020/dog21.jpg,0.573
/content/drive/My Drive/peekbank/image_sets/garrison_bergelson_2020/truck7.jpg,/content/drive/My Drive/peekbank/image_sets/garrison_bergelson_2020/hat3.jpg,0.936
/content/drive/My Drive/peekbank/image_sets/garrison_bergelson_2020/book61.jpg,/content/drive/My Drive/peekbank/image_sets/garrison_bergelson_2020/sippycup2.jpg,0.892
/content/drive/My Drive/peekbank/image_sets/garrison_bergelson_2020/sippycup2.jpg,/content/drive/My Drive/peekbank/image_sets/garrison_bergelson_2020/book61.jpg,0.892
/content/drive/My Drive/peekbank/image_sets/garrison_bergelson_2020/dog21.jpg,/content/drive/My Drive/peekbank/image_sets/garrison_bergelson_2020/kittycat4.jpg,0.573
/content/drive/My Drive/peekbank/image_sets/garrison_bergelson_2020/book7.jpg,/content/drive/My Drive/peekbank/image_sets/garrison_bergelson_2020/sippycup.jpg,0.843
/content/drive/My Drive/peekbank/image_sets/garrison_bergelson_2020/truck22.jpg,/content/drive/My Drive/peekbank/image_sets/garrison_bergelson_2020/hat6.jpg,0.773
/content/drive/My Drive/peekbank/image_sets/garrison_bergelson_2020/kittycat3.jpg,/content/drive/My Drive/peekbank/image_sets/garrison_bergelson_2020/dog.jpg,0.544
/content/drive/My Drive/peekbank/image_sets/garrison_bergelson_2020/hat3.jpg,/content/drive/My Drive/peekbank/image_sets/garrison_bergelson_2020/truck7.jpg,0.936
/content/drive/My Drive/peekbank/image_sets/garrison_bergelson_2020/puppy14.jpg,/content/drive/My Drive/peekbank/image_sets/garrison_bergelson_2020/cow19.jpg,0.741
/content/drive/My Drive/peekbank/image_sets/garrison_bergelson_2020/highchair3.jpg,/content/drive/My Drive/peekbank/image_sets/garrison_bergelson_2020/shoe11.jpg,0.769
/content/drive/My Drive/peekbank/image_sets/garrison_bergelson_2020/stroller.jpg,/content/drive/My Drive/peekbank/image_sets/garrison_bergelson_2020/blocks2.jpg,0.769
/content/drive/My Drive/peekbank/image_sets/garrison_bergelson_2020/spoon.jpg,/content/drive/My Drive/peekbank/image_sets/garrison_bergelson_2020/book7.jpg,0.883
/content/drive/My Drive/peekbank/image_sets/garrison_bergelson_2020/cow19.jpg,/content/drive/My Drive/peekbank/image_sets/garrison_bergelson_2020/puppy14.jpg,0.741
/content/drive/My Drive/peekbank/image_sets/garrison_bergelson_2020/blocks2.jpg,/content/drive/My Drive/peekbank/image_sets/garrison_bergelson_2020/stroller.jpg,0.769
/content/drive/My Drive/peekbank/image_sets/garrison_bergelson_2020/highchair.jpg,/content/drive/My Drive/peekbank/image_sets/garrison_bergelson_2020/shoe.jpg,0.705
/content/drive/My Drive/peekbank/image_sets/garrison_bergelson_2020/stroller4.jpg,/content/drive/My Drive/peekbank/image_sets/garrison_bergelson_2020/blocks16.jpg,0.787
/content/drive/My Drive/peekbank/image_sets/garrison_bergelson_2020/puppy3.jpg,/content/drive/My Drive/peekbank/image_sets/garrison_bergelson_2020/cow.jpg,0.651
/content/drive/My Drive/peekbank/image_sets/garrison_bergelson_2020/book63.jpg,/content/drive/My Drive/peekbank/image_sets/garrison_bergelson_2020/spoon14.jpg,0.786
/content/drive/My Drive/peekbank/image_sets/garrison_bergelson_2020/shoe11.jpg,/content/drive/My Drive/peekbank/image_sets/garrison_bergelson_2020/highchair3.jpg,0.769
/content/drive/My Drive/peekbank/image_sets/garrison_bergelson_2020/cow.jpg,/content/drive/My Drive/peekbank/image_sets/garrison_bergelson_2020/puppy3.jpg,0.651
/content/drive/My Drive/peekbank/image_sets/garrison_bergelson_2020/blocks16.jpg,/content/drive/My Drive/peekbank/image_sets/garrison_bergelson_2020/stroller4.jpg,0.787
/content/drive/My Drive/peekbank/image_sets/garrison_bergelson_2020/book7.jpg,/content/drive/My Drive/peekbank/image_sets/garrison_bergelson_2020/spoon.jpg,0.883
/content/drive/My Drive/peekbank/image_sets/garrison_bergelson_2020/shoe.jpg,/content/drive/My Drive/peekbank/image_sets/garrison_bergelson_2020/highchair.jpg,0.705
/content/drive/My Drive/peekbank/image_sets/garrison_bergelson_2020/spoon14.jpg,/content/drive/My Drive/peekbank/image_sets/garrison_bergelson_2020/book63.jpg,0.786
/content/drive/My Drive/peekbank/image_sets/garrison_bergelson_2020/shoe10.jpg,/content/drive/My Drive/peekbank/image_sets/garrison_bergelson_2020/bottle16.jpg,0.757
/content/drive/My Drive/peekbank/image_sets/garrison_bergelson_2020/horse8.jpg,/content/drive/My Drive/peekbank/image_sets/garrison_bergelson_2020/owl8.jpg,0.619
/content/drive/My Drive/peekbank/image_sets/garrison_bergelson_2020/tiger.jpg,/content/drive/My Drive/peekbank/image_sets/garrison_bergelson_2020/monkey.jpg,0.742
/content/drive/My Drive/peekbank/image_sets/garrison_bergelson_2020/book7.jpg,/content/drive/My Drive/peekbank/image_sets/garrison_bergelson_2020/whale2.jpg,0.887
/content/drive/My Drive/peekbank/image_sets/garrison_bergelson_2020/bottle16.jpg,/content/drive/My Drive/peekbank/image_sets/garrison_bergelson_2020/shoe10.jpg,0.757
/content/drive/My Drive/peekbank/image_sets/garrison_bergelson_2020/monkey.jpg,/content/drive/My Drive/peekbank/image_sets/garrison_bergelson_2020/tiger.jpg,0.742
/content/drive/My Drive/peekbank/image_sets/garrison_bergelson_2020/horse.jpg,/content/drive/My Drive/peekbank/image_sets/garrison_bergelson_2020/owl.jpg,0.726
/content/drive/My Drive/peekbank/image_sets/garrison_bergelson_2020/tiger5.jpg,/content/drive/My Drive/peekbank/image_sets/garrison_bergelson_2020/monkey19.jpg,0.571
/content/drive/My Drive/peekbank/image_sets/garrison_bergelson_2020/shoe.jpg,/content/drive/My Drive/peekbank/image_sets/garrison_bergelson_2020/bottle.jpg,0.673
/content/drive/My Drive/peekbank/image_sets/garrison_bergelson_2020/whale3.jpg,/content/drive/My Drive/peekbank/image_sets/garrison_bergelson_2020/book62.jpg,0.787
/content/drive/My Drive/peekbank/image_sets/garrison_bergelson_2020/owl8.jpg,/content/drive/My Drive/peekbank/image_sets/garrison_bergelson_2020/horse8.jpg,0.619
/content/drive/My Drive/peekbank/image_sets/garrison_bergelson_2020/bottle.jpg,/content/drive/My Drive/peekbank/image_sets/garrison_bergelson_2020/shoe.jpg,0.673
/content/drive/My Drive/peekbank/image_sets/garrison_bergelson_2020/monkey19.jpg,/content/drive/My Drive/peekbank/image_sets/garrison_bergelson_2020/tiger5.jpg,0.571
/content/drive/My Drive/peekbank/image_sets/garrison_bergelson_2020/whale2.jpg,/content/drive/My Drive/peekbank/image_sets/garrison_bergelson_2020/book7.jpg,0.887
/content/drive/My Drive/peekbank/image_sets/garrison_bergelson_2020/owl.jpg,/content/drive/My Drive/peekbank/image_sets/garrison_bergelson_2020/horse.jpg,0.726
/content/drive/My Drive/peekbank/image_sets/garrison_bergelson_2020/book62.jpg,/content/drive/My Drive/peekbank/image_sets/garrison_bergelson_2020/whale3.jpg,0.787
/content/drive/My Drive/peekbank/image_sets/garrison_bergelson_2020/baby21.jpg,/content/drive/My Drive/peekbank/image_sets/garrison_bergelson_2020/doggy21.jpg,0.754
/content/drive/My Drive/peekbank/image_sets/garrison_bergelson_2020/bottle17.jpg,/content/drive/My Drive/peekbank/image_sets/garrison_bergelson_2020/stroller5.jpg,0.707
/content/drive/My Drive/peekbank/image_sets/garrison_bergelson_2020/water.jpg,/content/drive/My Drive/peekbank/image_sets/garrison_bergelson_2020/book7.jpg,0.888
/content/drive/My Drive/peekbank/image_sets/garrison_bergelson_2020/keys.jpg,/content/drive/My Drive/peekbank/image_sets/garrison_bergelson_2020/sunglasses2.jpg,0.822
/content/drive/My Drive/peekbank/image_sets/garrison_bergelson_2020/doggy21.jpg,/content/drive/My Drive/peekbank/image_sets/garrison_bergelson_2020/baby21.jpg,0.754
/content/drive/My Drive/peekbank/image_sets/garrison_bergelson_2020/book7.jpg,/content/drive/My Drive/peekbank/image_sets/garrison_bergelson_2020/water.jpg,0.888
/content/drive/My Drive/peekbank/image_sets/garrison_bergelson_2020/bottle.jpg,/content/drive/My Drive/peekbank/image_sets/garrison_bergelson_2020/stroller.jpg,0.761
/content/drive/My Drive/peekbank/image_sets/garrison_bergelson_2020/water26.jpg,/content/drive/My Drive/peekbank/image_sets/garrison_bergelson_2020/book64.jpg,0.917
/content/drive/My Drive/peekbank/image_sets/garrison_bergelson_2020/baby.jpg,/content/drive/My Drive/peekbank/image_sets/garrison_bergelson_2020/doggy.jpg,0.697
/content/drive/My Drive/peekbank/image_sets/garrison_bergelson_2020/sunglasses4.jpg,/content/drive/My Drive/peekbank/image_sets/garrison_bergelson_2020/keys4.jpg,0.774
/content/drive/My Drive/peekbank/image_sets/garrison_bergelson_2020/stroller5.jpg,/content/drive/My Drive/peekbank/image_sets/garrison_bergelson_2020/bottle17.jpg,0.707
/content/drive/My Drive/peekbank/image_sets/garrison_bergelson_2020/doggy.jpg,/content/drive/My Drive/peekbank/image_sets/garrison_bergelson_2020/baby.jpg,0.697
/content/drive/My Drive/peekbank/image_sets/garrison_bergelson_2020/book64.jpg,/content/drive/My Drive/peekbank/image_sets/garrison_bergelson_2020/water26.jpg,0.917
/content/drive/My Drive/peekbank/image_sets/garrison_bergelson_2020/sunglasses2.jpg,/content/drive/My Drive/peekbank/image_sets/garrison_bergelson_2020/keys.jpg,0.822
/content/drive/My Drive/peekbank/image_sets/garrison_bergelson_2020/stroller.jpg,/content/drive/My Drive/peekbank/image_sets/garrison_bergelson_2020/bottle.jpg,0.761
/content/drive/My Drive/peekbank/image_sets/garrison_bergelson_2020/keys4.jpg,/content/drive/My Drive/peekbank/image_sets/garrison_bergelson_2020/sunglasses4.jpg,0.774
/content/drive/My Drive/peekbank/image_sets/garrison_bergelson_2020/highchair2.jpg,/content/drive/My Drive/peekbank/image_sets/garrison_bergelson_2020/diaper5.jpg,0.633
/content/drive/My Drive/peekbank/image_sets/garrison_bergelson_2020/phone.jpg,/content/drive/My Drive/peekbank/image_sets/garrison_bergelson_2020/shoe.jpg,0.822
/content/drive/My Drive/peekbank/image_sets/garrison_bergelson_2020/phone12.jpg,/content/drive/My Drive/peekbank/image_sets/garrison_bergelson_2020/shoe12.jpg,0.804
/content/drive/My Drive/peekbank/image_sets/garrison_bergelson_2020/diaper.jpg,/content/drive/My Drive/peekbank/image_sets/garrison_bergelson_2020/highchair.jpg,0.71
/content/drive/My Drive/peekbank/image_sets/garrison_bergelson_2020/water27.jpg,/content/drive/My Drive/peekbank/image_sets/garrison_bergelson_2020/spoon15.jpg,0.684
/content/drive/My Drive/peekbank/image_sets/garrison_bergelson_2020/shoe.jpg,/content/drive/My Drive/peekbank/image_sets/garrison_bergelson_2020/phone.jpg,0.822
/content/drive/My Drive/peekbank/image_sets/garrison_bergelson_2020/keys5.jpg,/content/drive/My Drive/peekbank/image_sets/garrison_bergelson_2020/hat7.jpg,0.818
/content/drive/My Drive/peekbank/image_sets/garrison_bergelson_2020/spoon.jpg,/content/drive/My Drive/peekbank/image_sets/garrison_bergelson_2020/water.jpg,0.72
/content/drive/My Drive/peekbank/image_sets/garrison_bergelson_2020/hat.jpg,/content/drive/My Drive/peekbank/image_sets/garrison_bergelson_2020/keys.jpg,0.824
/content/drive/My Drive/peekbank/image_sets/garrison_bergelson_2020/spoon15.jpg,/content/drive/My Drive/peekbank/image_sets/garrison_bergelson_2020/water27.jpg,0.684
/content/drive/My Drive/peekbank/image_sets/garrison_bergelson_2020/diaper5.jpg,/content/drive/My Drive/peekbank/image_sets/garrison_bergelson_2020/highchair2.jpg,0.633
/content/drive/My Drive/peekbank/image_sets/garrison_bergelson_2020/highchair.jpg,/content/drive/My Drive/peekbank/image_sets/garrison_bergelson_2020/diaper.jpg,0.71
/content/drive/My Drive/peekbank/image_sets/garrison_bergelson_2020/keys.jpg,/content/drive/My Drive/peekbank/image_sets/garrison_bergelson_2020/hat.jpg,0.824
/content/drive/My Drive/peekbank/image_sets/garrison_bergelson_2020/garbage100.jpg,/content/drive/My Drive/peekbank/image_sets/garrison_bergelson_2020/water100.jpg,0.681
/content/drive/My Drive/peekbank/image_sets/garrison_bergelson_2020/glasses2.jpg,/content/drive/My Drive/peekbank/image_sets/garrison_bergelson_2020/bath.jpg,0.823
/content/drive/My Drive/peekbank/image_sets/garrison_bergelson_2020/gate.jpg,/content/drive/My Drive/peekbank/image_sets/garrison_bergelson_2020/tractor.jpg,0.707
/content/drive/My Drive/peekbank/image_sets/garrison_bergelson_2020/milk100.jpg,/content/drive/My Drive/peekbank/image_sets/garrison_bergelson_2020/remote100.jpg,0.833
/content/drive/My Drive/peekbank/image_sets/garrison_bergelson_2020/bath.jpg,/content/drive/My Drive/peekbank/image_sets/garrison_bergelson_2020/glasses2.jpg,0.823
/content/drive/My Drive/peekbank/image_sets/garrison_bergelson_2020/garbage.jpg,/content/drive/My Drive/peekbank/image_sets/garrison_bergelson_2020/water.jpg,0.616
/content/drive/My Drive/peekbank/image_sets/garrison_bergelson_2020/glasses100.jpg,/content/drive/My Drive/peekbank/image_sets/garrison_bergelson_2020/bath100.jpg,0.829
/content/drive/My Drive/peekbank/image_sets/garrison_bergelson_2020/remote.jpg,/content/drive/My Drive/peekbank/image_sets/garrison_bergelson_2020/milk.jpg,0.834
/content/drive/My Drive/peekbank/image_sets/garrison_bergelson_2020/tractor100.jpg,/content/drive/My Drive/peekbank/image_sets/garrison_bergelson_2020/gate100.jpg,0.881
/content/drive/My Drive/peekbank/image_sets/garrison_bergelson_2020/water100.jpg,/content/drive/My Drive/peekbank/image_sets/garrison_bergelson_2020/garbage100.jpg,0.681
/content/drive/My Drive/peekbank/image_sets/garrison_bergelson_2020/bath100.jpg,/content/drive/My Drive/peekbank/image_sets/garrison_bergelson_2020/glasses100.jpg,0.829
/content/drive/My Drive/peekbank/image_sets/garrison_bergelson_2020/tractor.jpg,/content/drive/My Drive/peekbank/image_sets/garrison_bergelson_2020/gate.jpg,0.707
/content/drive/My Drive/peekbank/image_sets/garrison_bergelson_2020/remote100.jpg,/content/drive/My Drive/peekbank/image_sets/garrison_bergelson_2020/milk100.jpg,0.833
/content/drive/My Drive/peekbank/image_sets/garrison_bergelson_2020/water.jpg,/content/drive/My Drive/peekbank/image_sets/garrison_bergelson_2020/garbage.jpg,0.616
/content/drive/My Drive/peekbank/image_sets/garrison_bergelson_2020/gate100.jpg,/content/drive/My Drive/peekbank/image_sets/garrison_bergelson_2020/tractor100.jpg,0.881
/content/drive/My Drive/peekbank/image_sets/garrison_bergelson_2020/milk.jpg,/content/drive/My Drive/peekbank/image_sets/garrison_bergelson_2020/remote.jpg,0.834
/content/drive/My Drive/peekbank/image_sets/garrison_bergelson_2020/bottle18.jpg,/content/drive/My Drive/peekbank/image_sets/garrison_bergelson_2020/phone13.jpg,0.754
/content/drive/My Drive/peekbank/image_sets/garrison_bergelson_2020/elephant.jpg,/content/drive/My Drive/peekbank/image_sets/garrison_bergelson_2020/kitty.jpg,0.791
/content/drive/My Drive/peekbank/image_sets/garrison_bergelson_2020/blocks17.jpg,/content/drive/My Drive/peekbank/image_sets/garrison_bergelson_2020/shoe13.jpg,0.701
/content/drive/My Drive/peekbank/image_sets/garrison_bergelson_2020/teddy2.jpg,/content/drive/My Drive/peekbank/image_sets/garrison_bergelson_2020/monkey.jpg,0.734
/content/drive/My Drive/peekbank/image_sets/garrison_bergelson_2020/kitty13.jpg,/content/drive/My Drive/peekbank/image_sets/garrison_bergelson_2020/elephant19.jpg,0.745
/content/drive/My Drive/peekbank/image_sets/garrison_bergelson_2020/phone.jpg,/content/drive/My Drive/peekbank/image_sets/garrison_bergelson_2020/bottle.jpg,0.85
/content/drive/My Drive/peekbank/image_sets/garrison_bergelson_2020/monkey20.jpg,/content/drive/My Drive/peekbank/image_sets/garrison_bergelson_2020/teddy6.jpg,0.566
/content/drive/My Drive/peekbank/image_sets/garrison_bergelson_2020/shoe.jpg,/content/drive/My Drive/peekbank/image_sets/garrison_bergelson_2020/blocks.jpg,0.821
/content/drive/My Drive/peekbank/image_sets/garrison_bergelson_2020/teddy6.jpg,/content/drive/My Drive/peekbank/image_sets/garrison_bergelson_2020/monkey20.jpg,0.566
/content/drive/My Drive/peekbank/image_sets/garrison_bergelson_2020/blocks.jpg,/content/drive/My Drive/peekbank/image_sets/garrison_bergelson_2020/shoe.jpg,0.821
/content/drive/My Drive/peekbank/image_sets/garrison_bergelson_2020/elephant19.jpg,/content/drive/My Drive/peekbank/image_sets/garrison_bergelson_2020/kitty13.jpg,0.745
/content/drive/My Drive/peekbank/image_sets/garrison_bergelson_2020/monkey.jpg,/content/drive/My Drive/peekbank/image_sets/garrison_bergelson_2020/teddy2.jpg,0.734
/content/drive/My Drive/peekbank/image_sets/garrison_bergelson_2020/phone13.jpg,/content/drive/My Drive/peekbank/image_sets/garrison_bergelson_2020/bottle18.jpg,0.754
/content/drive/My Drive/peekbank/image_sets/garrison_bergelson_2020/kitty.jpg,/content/drive/My Drive/peekbank/image_sets/garrison_bergelson_2020/elephant.jpg,0.791
/content/drive/My Drive/peekbank/image_sets/garrison_bergelson_2020/bottle.jpg,/content/drive/My Drive/peekbank/image_sets/garrison_bergelson_2020/phone.jpg,0.85
/content/drive/My Drive/peekbank/image_sets/garrison_bergelson_2020/shoe13.jpg,/content/drive/My Drive/peekbank/image_sets/garrison_bergelson_2020/blocks17.jpg,0.701
/content/drive/My Drive/peekbank/image_sets/garrison_bergelson_2020/diaper8.jpg,/content/drive/My Drive/peekbank/image_sets/garrison_bergelson_2020/car18.jpg,0.901
/content/drive/My Drive/peekbank/image_sets/garrison_bergelson_2020/ball55.jpg,/content/drive/My Drive/peekbank/image_sets/garrison_bergelson_2020/cup17.jpg,0.63
/content/drive/My Drive/peekbank/image_sets/garrison_bergelson_2020/shoe.jpg,/content/drive/My Drive/peekbank/image_sets/garrison_bergelson_2020/tablet.jpg,0.821
/content/drive/My Drive/peekbank/image_sets/garrison_bergelson_2020/puppy100.jpg,/content/drive/My Drive/peekbank/image_sets/garrison_bergelson_2020/book7.jpg,0.917
/content/drive/My Drive/peekbank/image_sets/garrison_bergelson_2020/car18.jpg,/content/drive/My Drive/peekbank/image_sets/garrison_bergelson_2020/diaper8.jpg,0.901
/content/drive/My Drive/peekbank/image_sets/garrison_bergelson_2020/tablet.jpg,/content/drive/My Drive/peekbank/image_sets/garrison_bergelson_2020/shoe.jpg,0.821
/content/drive/My Drive/peekbank/image_sets/garrison_bergelson_2020/ball.jpg,/content/drive/My Drive/peekbank/image_sets/garrison_bergelson_2020/cup.jpg,0.66
/content/drive/My Drive/peekbank/image_sets/garrison_bergelson_2020/shoe14.jpg,/content/drive/My Drive/peekbank/image_sets/garrison_bergelson_2020/tablet2.jpg,0.637
/content/drive/My Drive/peekbank/image_sets/garrison_bergelson_2020/diaper.jpg,/content/drive/My Drive/peekbank/image_sets/garrison_bergelson_2020/car.jpg,0.927
/content/drive/My Drive/peekbank/image_sets/garrison_bergelson_2020/book67.jpg,/content/drive/My Drive/peekbank/image_sets/garrison_bergelson_2020/puppy16.jpg,0.814
/content/drive/My Drive/peekbank/image_sets/garrison_bergelson_2020/cup17.jpg,/content/drive/My Drive/peekbank/image_sets/garrison_bergelson_2020/ball55.jpg,0.63
/content/drive/My Drive/peekbank/image_sets/garrison_bergelson_2020/car.jpg,/content/drive/My Drive/peekbank/image_sets/garrison_bergelson_2020/diaper.jpg,0.927
/content/drive/My Drive/peekbank/image_sets/garrison_bergelson_2020/tablet2.jpg,/content/drive/My Drive/peekbank/image_sets/garrison_bergelson_2020/shoe14.jpg,0.637
/content/drive/My Drive/peekbank/image_sets/garrison_bergelson_2020/book7.jpg,/content/drive/My Drive/peekbank/image_sets/garrison_bergelson_2020/puppy100.jpg,0.917
/content/drive/My Drive/peekbank/image_sets/garrison_bergelson_2020/cup.jpg,/content/drive/My Drive/peekbank/image_sets/garrison_bergelson_2020/ball.jpg,0.66
/content/drive/My Drive/peekbank/image_sets/garrison_bergelson_2020/puppy16.jpg,/content/drive/My Drive/peekbank/image_sets/garrison_bergelson_2020/book67.jpg,0.814
/content/drive/My Drive/peekbank/image_sets/garrison_bergelson_2020/ball54.jpg,/content/drive/My Drive/peekbank/image_sets/garrison_bergelson_2020/diaper6.jpg,0.722
/content/drive/My Drive/peekbank/image_sets/garrison_bergelson_2020/bed2.jpg,/content/drive/My Drive/peekbank/image_sets/garrison_bergelson_2020/table5.jpg,0.789
/content/drive/My Drive/peekbank/image_sets/garrison_bergelson_2020/book7.jpg,/content/drive/My Drive/peekbank/image_sets/garrison_bergelson_2020/puppy.jpg,0.857
/content/drive/My Drive/peekbank/image_sets/garrison_bergelson_2020/diaper6.jpg,/content/drive/My Drive/peekbank/image_sets/garrison_bergelson_2020/ball54.jpg,0.722
/content/drive/My Drive/peekbank/image_sets/garrison_bergelson_2020/doll.jpg,/content/drive/My Drive/peekbank/image_sets/garrison_bergelson_2020/teddy.jpg,0.7
/content/drive/My Drive/peekbank/image_sets/garrison_bergelson_2020/puppy15.jpg,/content/drive/My Drive/peekbank/image_sets/garrison_bergelson_2020/book65.jpg,0.856
/content/drive/My Drive/peekbank/image_sets/garrison_bergelson_2020/table.jpg,/content/drive/My Drive/peekbank/image_sets/garrison_bergelson_2020/bed.jpg,0.676
/content/drive/My Drive/peekbank/image_sets/garrison_bergelson_2020/teddy6.jpg,/content/drive/My Drive/peekbank/image_sets/garrison_bergelson_2020/doll7.jpg,0.684
/content/drive/My Drive/peekbank/image_sets/garrison_bergelson_2020/ball.jpg,/content/drive/My Drive/peekbank/image_sets/garrison_bergelson_2020/diaper.jpg,0.787
/content/drive/My Drive/peekbank/image_sets/garrison_bergelson_2020/doll7.jpg,/content/drive/My Drive/peekbank/image_sets/garrison_bergelson_2020/teddy6.jpg,0.684
/content/drive/My Drive/peekbank/image_sets/garrison_bergelson_2020/diaper.jpg,/content/drive/My Drive/peekbank/image_sets/garrison_bergelson_2020/ball.jpg,0.787
/content/drive/My Drive/peekbank/image_sets/garrison_bergelson_2020/book65.jpg,/content/drive/My Drive/peekbank/image_sets/garrison_bergelson_2020/puppy15.jpg,0.856
/content/drive/My Drive/peekbank/image_sets/garrison_bergelson_2020/teddy.jpg,/content/drive/My Drive/peekbank/image_sets/garrison_bergelson_2020/doll.jpg,0.7
/content/drive/My Drive/peekbank/image_sets/garrison_bergelson_2020/table5.jpg,/content/drive/My Drive/peekbank/image_sets/garrison_bergelson_2020/bed2.jpg,0.789
/content/drive/My Drive/peekbank/image_sets/garrison_bergelson_2020/puppy.jpg,/content/drive/My Drive/peekbank/image_sets/garrison_bergelson_2020/book7.jpg,0.857
/content/drive/My Drive/peekbank/image_sets/garrison_bergelson_2020/bed.jpg,/content/drive/My Drive/peekbank/image_sets/garrison_bergelson_2020/table.jpg,0.676
/content/drive/My Drive/peekbank/image_sets/garrison_bergelson_2020/phone14.jpg,/content/drive/My Drive/peekbank/image_sets/garrison_bergelson_2020/ball58.jpg,0.812
/content/drive/My Drive/peekbank/image_sets/garrison_bergelson_2020/fan5.jpg,/content/drive/My Drive/peekbank/image_sets/garrison_bergelson_2020/diaper10.jpg,0.815
/content/drive/My Drive/peekbank/image_sets/garrison_bergelson_2020/keys.jpg,/content/drive/My Drive/peekbank/image_sets/garrison_bergelson_2020/water.jpg,0.917
/content/drive/My Drive/peekbank/image_sets/garrison_bergelson_2020/ball58.jpg,/content/drive/My Drive/peekbank/image_sets/garrison_bergelson_2020/phone14.jpg,0.812
/content/drive/My Drive/peekbank/image_sets/garrison_bergelson_2020/water28.jpg,/content/drive/My Drive/peekbank/image_sets/garrison_bergelson_2020/keys6.jpg,0.785
/content/drive/My Drive/peekbank/image_sets/garrison_bergelson_2020/diaper.jpg,/content/drive/My Drive/peekbank/image_sets/garrison_bergelson_2020/fan.jpg,0.784
/content/drive/My Drive/peekbank/image_sets/garrison_bergelson_2020/baby22.jpg,/content/drive/My Drive/peekbank/image_sets/garrison_bergelson_2020/doggy23.jpg,0.799
/content/drive/My Drive/peekbank/image_sets/garrison_bergelson_2020/phone.jpg,/content/drive/My Drive/peekbank/image_sets/garrison_bergelson_2020/ball.jpg,0.911
/content/drive/My Drive/peekbank/image_sets/garrison_bergelson_2020/doggy23.jpg,/content/drive/My Drive/peekbank/image_sets/garrison_bergelson_2020/baby22.jpg,0.799
/content/drive/My Drive/peekbank/image_sets/garrison_bergelson_2020/ball.jpg,/content/drive/My Drive/peekbank/image_sets/garrison_bergelson_2020/phone.jpg,0.911
/content/drive/My Drive/peekbank/image_sets/garrison_bergelson_2020/keys6.jpg,/content/drive/My Drive/peekbank/image_sets/garrison_bergelson_2020/water28.jpg,0.785
/content/drive/My Drive/peekbank/image_sets/garrison_bergelson_2020/diaper10.jpg,/content/drive/My Drive/peekbank/image_sets/garrison_bergelson_2020/fan5.jpg,0.815
/content/drive/My Drive/peekbank/image_sets/garrison_bergelson_2020/water.jpg,/content/drive/My Drive/peekbank/image_sets/garrison_bergelson_2020/keys.jpg,0.917
/content/drive/My Drive/peekbank/image_sets/garrison_bergelson_2020/fan.jpg,/content/drive/My Drive/peekbank/image_sets/garrison_bergelson_2020/diaper.jpg,0.784
/content/drive/My Drive/peekbank/image_sets/garrison_bergelson_2020/clock2.jpg,/content/drive/My Drive/peekbank/image_sets/garrison_bergelson_2020/bottle20.jpg,0.737
/content/drive/My Drive/peekbank/image_sets/garrison_bergelson_2020/diaper11.jpg,/content/drive/My Drive/peekbank/image_sets/garrison_bergelson_2020/spoon16.jpg,0.772
/content/drive/My Drive/peekbank/image_sets/garrison_bergelson_2020/caterpillar.jpg,/content/drive/My Drive/peekbank/image_sets/garrison_bergelson_2020/book7.jpg,0.809
/content/drive/My Drive/peekbank/image_sets/garrison_bergelson_2020/elephant.jpg,/content/drive/My Drive/peekbank/image_sets/garrison_bergelson_2020/cow.jpg,0.543
/content/drive/My Drive/peekbank/image_sets/garrison_bergelson_2020/bottle20.jpg,/content/drive/My Drive/peekbank/image_sets/garrison_bergelson_2020/clock2.jpg,0.737
/content/drive/My Drive/peekbank/image_sets/garrison_bergelson_2020/book7.jpg,/content/drive/My Drive/peekbank/image_sets/garrison_bergelson_2020/caterpillar.jpg,0.809
/content/drive/My Drive/peekbank/image_sets/garrison_bergelson_2020/diaper.jpg,/content/drive/My Drive/peekbank/image_sets/garrison_bergelson_2020/spoon.jpg,0.839
/content/drive/My Drive/peekbank/image_sets/garrison_bergelson_2020/caterpillar4.jpg,/content/drive/My Drive/peekbank/image_sets/garrison_bergelson_2020/book69.jpg,0.665
/content/drive/My Drive/peekbank/image_sets/garrison_bergelson_2020/clock.jpg,/content/drive/My Drive/peekbank/image_sets/garrison_bergelson_2020/bottle.jpg,0.817
/content/drive/My Drive/peekbank/image_sets/garrison_bergelson_2020/cow21.jpg,/content/drive/My Drive/peekbank/image_sets/garrison_bergelson_2020/elephant21.jpg,0.786
/content/drive/My Drive/peekbank/image_sets/garrison_bergelson_2020/spoon16.jpg,/content/drive/My Drive/peekbank/image_sets/garrison_bergelson_2020/diaper11.jpg,0.772
/content/drive/My Drive/peekbank/image_sets/garrison_bergelson_2020/bottle.jpg,/content/drive/My Drive/peekbank/image_sets/garrison_bergelson_2020/clock.jpg,0.817
/content/drive/My Drive/peekbank/image_sets/garrison_bergelson_2020/book69.jpg,/content/drive/My Drive/peekbank/image_sets/garrison_bergelson_2020/caterpillar4.jpg,0.665
/content/drive/My Drive/peekbank/image_sets/garrison_bergelson_2020/cow.jpg,/content/drive/My Drive/peekbank/image_sets/garrison_bergelson_2020/elephant.jpg,0.543
/content/drive/My Drive/peekbank/image_sets/garrison_bergelson_2020/spoon.jpg,/content/drive/My Drive/peekbank/image_sets/garrison_bergelson_2020/diaper.jpg,0.839
/content/drive/My Drive/peekbank/image_sets/garrison_bergelson_2020/elephant21.jpg,/content/drive/My Drive/peekbank/image_sets/garrison_bergelson_2020/cow21.jpg,0.786
/content/drive/My Drive/peekbank/image_sets/garrison_bergelson_2020/teddybear4.jpg,/content/drive/My Drive/peekbank/image_sets/garrison_bergelson_2020/dog22.jpg,0.68
/content/drive/My Drive/peekbank/image_sets/garrison_bergelson_2020/highchair6.jpg,/content/drive/My Drive/peekbank/image_sets/garrison_bergelson_2020/block8.jpg,0.826
/content/drive/My Drive/peekbank/image_sets/garrison_bergelson_2020/shoe.jpg,/content/drive/My Drive/peekbank/image_sets/garrison_bergelson_2020/keys.jpg,0.767
/content/drive/My Drive/peekbank/image_sets/garrison_bergelson_2020/dog22.jpg,/content/drive/My Drive/peekbank/image_sets/garrison_bergelson_2020/teddybear4.jpg,0.68
/content/drive/My Drive/peekbank/image_sets/garrison_bergelson_2020/wagon.jpg,/content/drive/My Drive/peekbank/image_sets/garrison_bergelson_2020/milk9.jpg,0.755
/content/drive/My Drive/peekbank/image_sets/garrison_bergelson_2020/keys7.jpg,/content/drive/My Drive/peekbank/image_sets/garrison_bergelson_2020/shoe16.jpg,0.801
/content/drive/My Drive/peekbank/image_sets/garrison_bergelson_2020/block.jpg,/content/drive/My Drive/peekbank/image_sets/garrison_bergelson_2020/highchair.jpg,0.771
/content/drive/My Drive/peekbank/image_sets/garrison_bergelson_2020/milk1.jpg,/content/drive/My Drive/peekbank/image_sets/garrison_bergelson_2020/wagon1.jpg,0.635
/content/drive/My Drive/peekbank/image_sets/garrison_bergelson_2020/teddybear.jpg,/content/drive/My Drive/peekbank/image_sets/garrison_bergelson_2020/dog.jpg,0.708
/content/drive/My Drive/peekbank/image_sets/garrison_bergelson_2020/wagon1.jpg,/content/drive/My Drive/peekbank/image_sets/garrison_bergelson_2020/milk1.jpg,0.635
/content/drive/My Drive/peekbank/image_sets/garrison_bergelson_2020/dog.jpg,/content/drive/My Drive/peekbank/image_sets/garrison_bergelson_2020/teddybear.jpg,0.708
/content/drive/My Drive/peekbank/image_sets/garrison_bergelson_2020/shoe16.jpg,/content/drive/My Drive/peekbank/image_sets/garrison_bergelson_2020/keys7.jpg,0.801
/content/drive/My Drive/peekbank/image_sets/garrison_bergelson_2020/milk9.jpg,/content/drive/My Drive/peekbank/image_sets/garrison_bergelson_2020/wagon.jpg,0.755
/content/drive/My Drive/peekbank/image_sets/garrison_bergelson_2020/block8.jpg,/content/drive/My Drive/peekbank/image_sets/garrison_bergelson_2020/highchair6.jpg,0.826
/content/drive/My Drive/peekbank/image_sets/garrison_bergelson_2020/keys.jpg,/content/drive/My Drive/peekbank/image_sets/garrison_bergelson_2020/shoe.jpg,0.767
/content/drive/My Drive/peekbank/image_sets/garrison_bergelson_2020/highchair.jpg,/content/drive/My Drive/peekbank/image_sets/garrison_bergelson_2020/block.jpg,0.771
/content/drive/My Drive/peekbank/image_sets/garrison_bergelson_2020/spoon17.jpg,/content/drive/My Drive/peekbank/image_sets/garrison_bergelson_2020/book71.jpg,0.843
/content/drive/My Drive/peekbank/image_sets/garrison_bergelson_2020/stroller6.jpg,/content/drive/My Drive/peekbank/image_sets/garrison_bergelson_2020/door6.jpg,0.769
/content/drive/My Drive/peekbank/image_sets/garrison_bergelson_2020/chair.jpg,/content/drive/My Drive/peekbank/image_sets/garrison_bergelson_2020/bottle.jpg,0.805
/content/drive/My Drive/peekbank/image_sets/garrison_bergelson_2020/car.jpg,/content/drive/My Drive/peekbank/image_sets/garrison_bergelson_2020/shoes2.jpg,0.902
/content/drive/My Drive/peekbank/image_sets/garrison_bergelson_2020/book71.jpg,/content/drive/My Drive/peekbank/image_sets/garrison_bergelson_2020/spoon17.jpg,0.843
/content/drive/My Drive/peekbank/image_sets/garrison_bergelson_2020/bottle.jpg,/content/drive/My Drive/peekbank/image_sets/garrison_bergelson_2020/chair.jpg,0.805
/content/drive/My Drive/peekbank/image_sets/garrison_bergelson_2020/stroller2.jpg,/content/drive/My Drive/peekbank/image_sets/garrison_bergelson_2020/door.jpg,0.741
/content/drive/My Drive/peekbank/image_sets/garrison_bergelson_2020/chair14.jpg,/content/drive/My Drive/peekbank/image_sets/garrison_bergelson_2020/bottle22.jpg,0.665
/content/drive/My Drive/peekbank/image_sets/garrison_bergelson_2020/shoes3.jpg,/content/drive/My Drive/peekbank/image_sets/garrison_bergelson_2020/car19.jpg,0.789
/content/drive/My Drive/peekbank/image_sets/garrison_bergelson_2020/door6.jpg,/content/drive/My Drive/peekbank/image_sets/garrison_bergelson_2020/stroller6.jpg,0.769
/content/drive/My Drive/peekbank/image_sets/garrison_bergelson_2020/bottle22.jpg,/content/drive/My Drive/peekbank/image_sets/garrison_bergelson_2020/chair14.jpg,0.665
/content/drive/My Drive/peekbank/image_sets/garrison_bergelson_2020/shoes2.jpg,/content/drive/My Drive/peekbank/image_sets/garrison_bergelson_2020/car.jpg,0.902
/content/drive/My Drive/peekbank/image_sets/garrison_bergelson_2020/door.jpg,/content/drive/My Drive/peekbank/image_sets/garrison_bergelson_2020/stroller2.jpg,0.741
/content/drive/My Drive/peekbank/image_sets/garrison_bergelson_2020/car19.jpg,/content/drive/My Drive/peekbank/image_sets/garrison_bergelson_2020/shoes3.jpg,0.789
/content/drive/My Drive/peekbank/image_sets/garrison_bergelson_2020/baby23.jpg,/content/drive/My Drive/peekbank/image_sets/garrison_bergelson_2020/doggy24.jpg,0.692
/content/drive/My Drive/peekbank/image_sets/garrison_bergelson_2020/socks2.jpg,/content/drive/My Drive/peekbank/image_sets/garrison_bergelson_2020/ball59.jpg,0.861
/content/drive/My Drive/peekbank/image_sets/garrison_bergelson_2020/blocks1.jpg,/content/drive/My Drive/peekbank/image_sets/garrison_bergelson_2020/diapey.jpg,0.848
/content/drive/My Drive/peekbank/image_sets/garrison_bergelson_2020/doggy24.jpg,/content/drive/My Drive/peekbank/image_sets/garrison_bergelson_2020/baby23.jpg,0.692
/content/drive/My Drive/peekbank/image_sets/garrison_bergelson_2020/car.jpg,/content/drive/My Drive/peekbank/image_sets/garrison_bergelson_2020/book7.jpg,0.907
/content/drive/My Drive/peekbank/image_sets/garrison_bergelson_2020/diapey2.jpg,/content/drive/My Drive/peekbank/image_sets/garrison_bergelson_2020/blocks19.jpg,0.794
/content/drive/My Drive/peekbank/image_sets/garrison_bergelson_2020/ball2.jpg,/content/drive/My Drive/peekbank/image_sets/garrison_bergelson_2020/socks.jpg,0.905
/content/drive/My Drive/peekbank/image_sets/garrison_bergelson_2020/book72.jpg,/content/drive/My Drive/peekbank/image_sets/garrison_bergelson_2020/car20.jpg,0.587
/content/drive/My Drive/peekbank/image_sets/garrison_bergelson_2020/car20.jpg,/content/drive/My Drive/peekbank/image_sets/garrison_bergelson_2020/book72.jpg,0.587
/content/drive/My Drive/peekbank/image_sets/garrison_bergelson_2020/blocks19.jpg,/content/drive/My Drive/peekbank/image_sets/garrison_bergelson_2020/diapey2.jpg,0.794
/content/drive/My Drive/peekbank/image_sets/garrison_bergelson_2020/book7.jpg,/content/drive/My Drive/peekbank/image_sets/garrison_bergelson_2020/car.jpg,0.907
/content/drive/My Drive/peekbank/image_sets/garrison_bergelson_2020/ball59.jpg,/content/drive/My Drive/peekbank/image_sets/garrison_bergelson_2020/socks2.jpg,0.861
/content/drive/My Drive/peekbank/image_sets/garrison_bergelson_2020/diapey.jpg,/content/drive/My Drive/peekbank/image_sets/garrison_bergelson_2020/blocks1.jpg,0.848
/content/drive/My Drive/peekbank/image_sets/garrison_bergelson_2020/socks.jpg,/content/drive/My Drive/peekbank/image_sets/garrison_bergelson_2020/ball2.jpg,0.905
/content/drive/My Drive/peekbank/image_sets/garrison_bergelson_2020/tambourine3.jpg,/content/drive/My Drive/peekbank/image_sets/garrison_bergelson_2020/book73.jpg,0.9
/content/drive/My Drive/peekbank/image_sets/garrison_bergelson_2020/drum6.jpg,/content/drive/My Drive/peekbank/image_sets/garrison_bergelson_2020/hammer6.jpg,0.783
/content/drive/My Drive/peekbank/image_sets/garrison_bergelson_2020/paci.jpg,/content/drive/My Drive/peekbank/image_sets/garrison_bergelson_2020/cat2.jpg,0.774
/content/drive/My Drive/peekbank/image_sets/garrison_bergelson_2020/shoes2.jpg,/content/drive/My Drive/peekbank/image_sets/garrison_bergelson_2020/maraca.jpg,0.848
/content/drive/My Drive/peekbank/image_sets/garrison_bergelson_2020/book73.jpg,/content/drive/My Drive/peekbank/image_sets/garrison_bergelson_2020/tambourine3.jpg,0.9
/content/drive/My Drive/peekbank/image_sets/garrison_bergelson_2020/cat2.jpg,/content/drive/My Drive/peekbank/image_sets/garrison_bergelson_2020/paci.jpg,0.774
/content/drive/My Drive/peekbank/image_sets/garrison_bergelson_2020/drum.jpg,/content/drive/My Drive/peekbank/image_sets/garrison_bergelson_2020/hammer.jpg,0.831
/content/drive/My Drive/peekbank/image_sets/garrison_bergelson_2020/paci5.jpg,/content/drive/My Drive/peekbank/image_sets/garrison_bergelson_2020/cat16.jpg,0.879
/content/drive/My Drive/peekbank/image_sets/garrison_bergelson_2020/tambourine.jpg,/content/drive/My Drive/peekbank/image_sets/garrison_bergelson_2020/book7.jpg,0.915
/content/drive/My Drive/peekbank/image_sets/garrison_bergelson_2020/maraca3.jpg,/content/drive/My Drive/peekbank/image_sets/garrison_bergelson_2020/shoes4.jpg,0.907
/content/drive/My Drive/peekbank/image_sets/garrison_bergelson_2020/hammer6.jpg,/content/drive/My Drive/peekbank/image_sets/garrison_bergelson_2020/drum6.jpg,0.783
/content/drive/My Drive/peekbank/image_sets/garrison_bergelson_2020/book7.jpg,/content/drive/My Drive/peekbank/image_sets/garrison_bergelson_2020/tambourine.jpg,0.915
/content/drive/My Drive/peekbank/image_sets/garrison_bergelson_2020/cat16.jpg,/content/drive/My Drive/peekbank/image_sets/garrison_bergelson_2020/paci5.jpg,0.879
/content/drive/My Drive/peekbank/image_sets/garrison_bergelson_2020/maraca.jpg,/content/drive/My Drive/peekbank/image_sets/garrison_bergelson_2020/shoes2.jpg,0.848
/content/drive/My Drive/peekbank/image_sets/garrison_bergelson_2020/hammer.jpg,/content/drive/My Drive/peekbank/image_sets/garrison_bergelson_2020/drum.jpg,0.831
/content/drive/My Drive/peekbank/image_sets/garrison_bergelson_2020/shoes4.jpg,/content/drive/My Drive/peekbank/image_sets/garrison_bergelson_2020/maraca3.jpg,0.907
/content/drive/My Drive/peekbank/image_sets/garrison_bergelson_2020/brush6.jpg,/content/drive/My Drive/peekbank/image_sets/garrison_bergelson_2020/train20.jpg,0.777
/content/drive/My Drive/peekbank/image_sets/garrison_bergelson_2020/book75.jpg,/content/drive/My Drive/peekbank/image_sets/garrison_bergelson_2020/phone15.jpg,0.864
/content/drive/My Drive/peekbank/image_sets/garrison_bergelson_2020/bottle.jpg,/content/drive/My Drive/peekbank/image_sets/garrison_bergelson_2020/blanket.jpg,0.725
/content/drive/My Drive/peekbank/image_sets/garrison_bergelson_2020/train20.jpg,/content/drive/My Drive/peekbank/image_sets/garrison_bergelson_2020/brush6.jpg,0.777
/content/drive/My Drive/peekbank/image_sets/garrison_bergelson_2020/kitty.jpg,/content/drive/My Drive/peekbank/image_sets/garrison_bergelson_2020/monkey.jpg,0.73
/content/drive/My Drive/peekbank/image_sets/garrison_bergelson_2020/blanket2.jpg,/content/drive/My Drive/peekbank/image_sets/garrison_bergelson_2020/bottle23.jpg,0.751
/content/drive/My Drive/peekbank/image_sets/garrison_bergelson_2020/phone8.jpg,/content/drive/My Drive/peekbank/image_sets/garrison_bergelson_2020/book7.jpg,0.853
/content/drive/My Drive/peekbank/image_sets/garrison_bergelson_2020/monkey21.jpg,/content/drive/My Drive/peekbank/image_sets/garrison_bergelson_2020/kitty14.jpg,0.657
/content/drive/My Drive/peekbank/image_sets/garrison_bergelson_2020/brush.jpg,/content/drive/My Drive/peekbank/image_sets/garrison_bergelson_2020/train.jpg,0.856
/content/drive/My Drive/peekbank/image_sets/garrison_bergelson_2020/kitty14.jpg,/content/drive/My Drive/peekbank/image_sets/garrison_bergelson_2020/monkey21.jpg,0.657
/content/drive/My Drive/peekbank/image_sets/garrison_bergelson_2020/train.jpg,/content/drive/My Drive/peekbank/image_sets/garrison_bergelson_2020/brush.jpg,0.856
/content/drive/My Drive/peekbank/image_sets/garrison_bergelson_2020/bottle23.jpg,/content/drive/My Drive/peekbank/image_sets/garrison_bergelson_2020/blanket2.jpg,0.751
/content/drive/My Drive/peekbank/image_sets/garrison_bergelson_2020/monkey.jpg,/content/drive/My Drive/peekbank/image_sets/garrison_bergelson_2020/kitty.jpg,0.73
/content/drive/My Drive/peekbank/image_sets/garrison_bergelson_2020/phone15.jpg,/content/drive/My Drive/peekbank/image_sets/garrison_bergelson_2020/book75.jpg,0.864
/content/drive/My Drive/peekbank/image_sets/garrison_bergelson_2020/book7.jpg,/content/drive/My Drive/peekbank/image_sets/garrison_bergelson_2020/phone8.jpg,0.853
/content/drive/My Drive/peekbank/image_sets/garrison_bergelson_2020/blanket.jpg,/content/drive/My Drive/peekbank/image_sets/garrison_bergelson_2020/bottle.jpg,0.725
/content/drive/My Drive/peekbank/image_sets/garrison_bergelson_2020/guitar8.jpg,/content/drive/My Drive/peekbank/image_sets/garrison_bergelson_2020/balloon6.jpg,0.726
/content/drive/My Drive/peekbank/image_sets/garrison_bergelson_2020/truck24.jpg,/content/drive/My Drive/peekbank/image_sets/garrison_bergelson_2020/waterbottle2.jpg,0.806
/content/drive/My Drive/peekbank/image_sets/garrison_bergelson_2020/book7.jpg,/content/drive/My Drive/peekbank/image_sets/garrison_bergelson_2020/shoes2.jpg,0.779
/content/drive/My Drive/peekbank/image_sets/garrison_bergelson_2020/fan.jpg,/content/drive/My Drive/peekbank/image_sets/garrison_bergelson_2020/train.jpg,0.879
/content/drive/My Drive/peekbank/image_sets/garrison_bergelson_2020/balloon6.jpg,/content/drive/My Drive/peekbank/image_sets/garrison_bergelson_2020/guitar8.jpg,0.726
/content/drive/My Drive/peekbank/image_sets/garrison_bergelson_2020/shoes2.jpg,/content/drive/My Drive/peekbank/image_sets/garrison_bergelson_2020/book7.jpg,0.779
/content/drive/My Drive/peekbank/image_sets/garrison_bergelson_2020/truck.jpg,/content/drive/My Drive/peekbank/image_sets/garrison_bergelson_2020/waterbottle.jpg,0.815
/content/drive/My Drive/peekbank/image_sets/garrison_bergelson_2020/book74.jpg,/content/drive/My Drive/peekbank/image_sets/garrison_bergelson_2020/shoes5.jpg,0.861
/content/drive/My Drive/peekbank/image_sets/garrison_bergelson_2020/guitar2.jpg,/content/drive/My Drive/peekbank/image_sets/garrison_bergelson_2020/balloon2.jpg,0.773
/content/drive/My Drive/peekbank/image_sets/garrison_bergelson_2020/train19.jpg,/content/drive/My Drive/peekbank/image_sets/garrison_bergelson_2020/fan6.jpg,0.863
/content/drive/My Drive/peekbank/image_sets/garrison_bergelson_2020/waterbottle2.jpg,/content/drive/My Drive/peekbank/image_sets/garrison_bergelson_2020/truck24.jpg,0.806
/content/drive/My Drive/peekbank/image_sets/garrison_bergelson_2020/balloon2.jpg,/content/drive/My Drive/peekbank/image_sets/garrison_bergelson_2020/guitar2.jpg,0.773
/content/drive/My Drive/peekbank/image_sets/garrison_bergelson_2020/shoes5.jpg,/content/drive/My Drive/peekbank/image_sets/garrison_bergelson_2020/book74.jpg,0.861
/content/drive/My Drive/peekbank/image_sets/garrison_bergelson_2020/train.jpg,/content/drive/My Drive/peekbank/image_sets/garrison_bergelson_2020/fan.jpg,0.879
/content/drive/My Drive/peekbank/image_sets/garrison_bergelson_2020/waterbottle.jpg,/content/drive/My Drive/peekbank/image_sets/garrison_bergelson_2020/truck.jpg,0.815
/content/drive/My Drive/peekbank/image_sets/garrison_bergelson_2020/fan6.jpg,/content/drive/My Drive/peekbank/image_sets/garrison_bergelson_2020/train19.jpg,0.863
/content/drive/My Drive/peekbank/image_sets/garrison_bergelson_2020/ball67.jpg,/content/drive/My Drive/peekbank/image_sets/garrison_bergelson_2020/car23.jpg,0.819
/content/drive/My Drive/peekbank/image_sets/garrison_bergelson_2020/blueberries6.jpg,/content/drive/My Drive/peekbank/image_sets/garrison_bergelson_2020/milk16.jpg,0.869
/content/drive/My Drive/peekbank/image_sets/garrison_bergelson_2020/paci.jpg,/content/drive/My Drive/peekbank/image_sets/garrison_bergelson_2020/book7.jpg,0.886
/content/drive/My Drive/peekbank/image_sets/garrison_bergelson_2020/car23.jpg,/content/drive/My Drive/peekbank/image_sets/garrison_bergelson_2020/ball67.jpg,0.819
/content/drive/My Drive/peekbank/image_sets/garrison_bergelson_2020/diaper.jpg,/content/drive/My Drive/peekbank/image_sets/garrison_bergelson_2020/shoe.jpg,0.706
/content/drive/My Drive/peekbank/image_sets/garrison_bergelson_2020/book81.jpg,/content/drive/My Drive/peekbank/image_sets/garrison_bergelson_2020/paci7.jpg,0.938
/content/drive/My Drive/peekbank/image_sets/garrison_bergelson_2020/milk.jpg,/content/drive/My Drive/peekbank/image_sets/garrison_bergelson_2020/blueberries5.jpg,0.85
/content/drive/My Drive/peekbank/image_sets/garrison_bergelson_2020/shoe19.jpg,/content/drive/My Drive/peekbank/image_sets/garrison_bergelson_2020/diaper14.jpg,0.791
/content/drive/My Drive/peekbank/image_sets/garrison_bergelson_2020/ball.jpg,/content/drive/My Drive/peekbank/image_sets/garrison_bergelson_2020/car.jpg,0.834
/content/drive/My Drive/peekbank/image_sets/garrison_bergelson_2020/diaper14.jpg,/content/drive/My Drive/peekbank/image_sets/garrison_bergelson_2020/shoe19.jpg,0.791
/content/drive/My Drive/peekbank/image_sets/garrison_bergelson_2020/car.jpg,/content/drive/My Drive/peekbank/image_sets/garrison_bergelson_2020/ball.jpg,0.834
/content/drive/My Drive/peekbank/image_sets/garrison_bergelson_2020/paci7.jpg,/content/drive/My Drive/peekbank/image_sets/garrison_bergelson_2020/book81.jpg,0.938
/content/drive/My Drive/peekbank/image_sets/garrison_bergelson_2020/shoe.jpg,/content/drive/My Drive/peekbank/image_sets/garrison_bergelson_2020/diaper.jpg,0.706
/content/drive/My Drive/peekbank/image_sets/garrison_bergelson_2020/milk16.jpg,/content/drive/My Drive/peekbank/image_sets/garrison_bergelson_2020/blueberries6.jpg,0.869
/content/drive/My Drive/peekbank/image_sets/garrison_bergelson_2020/book7.jpg,/content/drive/My Drive/peekbank/image_sets/garrison_bergelson_2020/paci.jpg,0.886
/content/drive/My Drive/peekbank/image_sets/garrison_bergelson_2020/blueberries5.jpg,/content/drive/My Drive/peekbank/image_sets/garrison_bergelson_2020/milk.jpg,0.85
/content/drive/My Drive/peekbank/image_sets/garrison_bergelson_2020/cow23.jpg,/content/drive/My Drive/peekbank/image_sets/garrison_bergelson_2020/dog23.jpg,0.698
/content/drive/My Drive/peekbank/image_sets/garrison_bergelson_2020/sippycup3.jpg,/content/drive/My Drive/peekbank/image_sets/garrison_bergelson_2020/highchair7.jpg,0.649
/content/drive/My Drive/peekbank/image_sets/garrison_bergelson_2020/remote.jpg,/content/drive/My Drive/peekbank/image_sets/garrison_bergelson_2020/ball.jpg,0.641
/content/drive/My Drive/peekbank/image_sets/garrison_bergelson_2020/book7.jpg,/content/drive/My Drive/peekbank/image_sets/garrison_bergelson_2020/shoe.jpg,0.912
/content/drive/My Drive/peekbank/image_sets/garrison_bergelson_2020/dog23.jpg,/content/drive/My Drive/peekbank/image_sets/garrison_bergelson_2020/cow23.jpg,0.698
/content/drive/My Drive/peekbank/image_sets/garrison_bergelson_2020/ball.jpg,/content/drive/My Drive/peekbank/image_sets/garrison_bergelson_2020/remote.jpg,0.641
/content/drive/My Drive/peekbank/image_sets/garrison_bergelson_2020/sippycup.jpg,/content/drive/My Drive/peekbank/image_sets/garrison_bergelson_2020/highchair.jpg,0.741
/content/drive/My Drive/peekbank/image_sets/garrison_bergelson_2020/remote2.jpg,/content/drive/My Drive/peekbank/image_sets/garrison_bergelson_2020/ball60.jpg,0.77
/content/drive/My Drive/peekbank/image_sets/garrison_bergelson_2020/cow.jpg,/content/drive/My Drive/peekbank/image_sets/garrison_bergelson_2020/dog.jpg,0.673
/content/drive/My Drive/peekbank/image_sets/garrison_bergelson_2020/shoe17.jpg,/content/drive/My Drive/peekbank/image_sets/garrison_bergelson_2020/book76.jpg,0.81
/content/drive/My Drive/peekbank/image_sets/garrison_bergelson_2020/highchair7.jpg,/content/drive/My Drive/peekbank/image_sets/garrison_bergelson_2020/sippycup3.jpg,0.649
/content/drive/My Drive/peekbank/image_sets/garrison_bergelson_2020/dog.jpg,/content/drive/My Drive/peekbank/image_sets/garrison_bergelson_2020/cow.jpg,0.673
/content/drive/My Drive/peekbank/image_sets/garrison_bergelson_2020/ball60.jpg,/content/drive/My Drive/peekbank/image_sets/garrison_bergelson_2020/remote2.jpg,0.77
/content/drive/My Drive/peekbank/image_sets/garrison_bergelson_2020/shoe.jpg,/content/drive/My Drive/peekbank/image_sets/garrison_bergelson_2020/book7.jpg,0.912
/content/drive/My Drive/peekbank/image_sets/garrison_bergelson_2020/highchair.jpg,/content/drive/My Drive/peekbank/image_sets/garrison_bergelson_2020/sippycup.jpg,0.741
/content/drive/My Drive/peekbank/image_sets/garrison_bergelson_2020/book76.jpg,/content/drive/My Drive/peekbank/image_sets/garrison_bergelson_2020/shoe17.jpg,0.81
/content/drive/My Drive/peekbank/image_sets/garrison_bergelson_2020/book77.jpg,/content/drive/My Drive/peekbank/image_sets/garrison_bergelson_2020/keys8.jpg,0.79
/content/drive/My Drive/peekbank/image_sets/garrison_bergelson_2020/brush7.jpg,/content/drive/My Drive/peekbank/image_sets/garrison_bergelson_2020/water29.jpg,0.671
/content/drive/My Drive/peekbank/image_sets/garrison_bergelson_2020/dolly3.jpg,/content/drive/My Drive/peekbank/image_sets/garrison_bergelson_2020/puppy.jpg,0.503
/content/drive/My Drive/peekbank/image_sets/garrison_bergelson_2020/keys8.jpg,/content/drive/My Drive/peekbank/image_sets/garrison_bergelson_2020/book77.jpg,0.79
/content/drive/My Drive/peekbank/image_sets/garrison_bergelson_2020/ducky7.jpg,/content/drive/My Drive/peekbank/image_sets/garrison_bergelson_2020/wubby2.jpg,0.659
/content/drive/My Drive/peekbank/image_sets/garrison_bergelson_2020/puppy18.jpg,/content/drive/My Drive/peekbank/image_sets/garrison_bergelson_2020/dolly5.jpg,0.721
/content/drive/My Drive/peekbank/image_sets/garrison_bergelson_2020/water.jpg,/content/drive/My Drive/peekbank/image_sets/garrison_bergelson_2020/brush.jpg,0.735
/content/drive/My Drive/peekbank/image_sets/garrison_bergelson_2020/wubby3.jpg,/content/drive/My Drive/peekbank/image_sets/garrison_bergelson_2020/ducky8.jpg,0.723
/content/drive/My Drive/peekbank/image_sets/garrison_bergelson_2020/book7.jpg,/content/drive/My Drive/peekbank/image_sets/garrison_bergelson_2020/keys.jpg,0.786
/content/drive/My Drive/peekbank/image_sets/garrison_bergelson_2020/ducky8.jpg,/content/drive/My Drive/peekbank/image_sets/garrison_bergelson_2020/wubby3.jpg,0.723
/content/drive/My Drive/peekbank/image_sets/garrison_bergelson_2020/keys.jpg,/content/drive/My Drive/peekbank/image_sets/garrison_bergelson_2020/book7.jpg,0.786
/content/drive/My Drive/peekbank/image_sets/garrison_bergelson_2020/dolly5.jpg,/content/drive/My Drive/peekbank/image_sets/garrison_bergelson_2020/puppy18.jpg,0.721
/content/drive/My Drive/peekbank/image_sets/garrison_bergelson_2020/wubby2.jpg,/content/drive/My Drive/peekbank/image_sets/garrison_bergelson_2020/ducky7.jpg,0.659
/content/drive/My Drive/peekbank/image_sets/garrison_bergelson_2020/water29.jpg,/content/drive/My Drive/peekbank/image_sets/garrison_bergelson_2020/brush7.jpg,0.671
/content/drive/My Drive/peekbank/image_sets/garrison_bergelson_2020/puppy.jpg,/content/drive/My Drive/peekbank/image_sets/garrison_bergelson_2020/dolly3.jpg,0.503
/content/drive/My Drive/peekbank/image_sets/garrison_bergelson_2020/brush.jpg,/content/drive/My Drive/peekbank/image_sets/garrison_bergelson_2020/water.jpg,0.735
/content/drive/My Drive/peekbank/image_sets/garrison_bergelson_2020/cup19.jpg,/content/drive/My Drive/peekbank/image_sets/garrison_bergelson_2020/book78.jpg,0.771
/content/drive/My Drive/peekbank/image_sets/garrison_bergelson_2020/drum7.jpg,/content/drive/My Drive/peekbank/image_sets/garrison_bergelson_2020/train21.jpg,0.685
/content/drive/My Drive/peekbank/image_sets/garrison_bergelson_2020/chair.jpg,/content/drive/My Drive/peekbank/image_sets/garrison_bergelson_2020/blocks.jpg,0.936
/content/drive/My Drive/peekbank/image_sets/garrison_bergelson_2020/broom.jpg,/content/drive/My Drive/peekbank/image_sets/garrison_bergelson_2020/plate.jpg,0.831
/content/drive/My Drive/peekbank/image_sets/garrison_bergelson_2020/book78.jpg,/content/drive/My Drive/peekbank/image_sets/garrison_bergelson_2020/cup19.jpg,0.771
/content/drive/My Drive/peekbank/image_sets/garrison_bergelson_2020/blocks.jpg,/content/drive/My Drive/peekbank/image_sets/garrison_bergelson_2020/chair.jpg,0.936
/content/drive/My Drive/peekbank/image_sets/garrison_bergelson_2020/drum2.jpg,/content/drive/My Drive/peekbank/image_sets/garrison_bergelson_2020/train.jpg,0.8
/content/drive/My Drive/peekbank/image_sets/garrison_bergelson_2020/chair15.jpg,/content/drive/My Drive/peekbank/image_sets/garrison_bergelson_2020/blocks20.jpg,0.851
/content/drive/My Drive/peekbank/image_sets/garrison_bergelson_2020/cup.jpg,/content/drive/My Drive/peekbank/image_sets/garrison_bergelson_2020/book7.jpg,0.805
/content/drive/My Drive/peekbank/image_sets/garrison_bergelson_2020/plate5.jpg,/content/drive/My Drive/peekbank/image_sets/garrison_bergelson_2020/broom3.jpg,0.74
/content/drive/My Drive/peekbank/image_sets/garrison_bergelson_2020/train21.jpg,/content/drive/My Drive/peekbank/image_sets/garrison_bergelson_2020/drum7.jpg,0.685
/content/drive/My Drive/peekbank/image_sets/garrison_bergelson_2020/book7.jpg,/content/drive/My Drive/peekbank/image_sets/garrison_bergelson_2020/cup.jpg,0.805
/content/drive/My Drive/peekbank/image_sets/garrison_bergelson_2020/blocks20.jpg,/content/drive/My Drive/peekbank/image_sets/garrison_bergelson_2020/chair15.jpg,0.851
/content/drive/My Drive/peekbank/image_sets/garrison_bergelson_2020/plate.jpg,/content/drive/My Drive/peekbank/image_sets/garrison_bergelson_2020/broom.jpg,0.831
/content/drive/My Drive/peekbank/image_sets/garrison_bergelson_2020/train.jpg,/content/drive/My Drive/peekbank/image_sets/garrison_bergelson_2020/drum2.jpg,0.8
/content/drive/My Drive/peekbank/image_sets/garrison_bergelson_2020/broom3.jpg,/content/drive/My Drive/peekbank/image_sets/garrison_bergelson_2020/plate5.jpg,0.74
/content/drive/My Drive/peekbank/image_sets/garrison_bergelson_2020/ball61.jpg,/content/drive/My Drive/peekbank/image_sets/garrison_bergelson_2020/shoes6.jpg,0.892
/content/drive/My Drive/peekbank/image_sets/garrison_bergelson_2020/phone16.jpg,/content/drive/My Drive/peekbank/image_sets/garrison_bergelson_2020/milk13.jpg,0.703
/content/drive/My Drive/peekbank/image_sets/garrison_bergelson_2020/bird.jpg,/content/drive/My Drive/peekbank/image_sets/garrison_bergelson_2020/kitty.jpg,0.739
/content/drive/My Drive/peekbank/image_sets/garrison_bergelson_2020/shoes6.jpg,/content/drive/My Drive/peekbank/image_sets/garrison_bergelson_2020/ball61.jpg,0.892
/content/drive/My Drive/peekbank/image_sets/garrison_bergelson_2020/elephant.jpg,/content/drive/My Drive/peekbank/image_sets/garrison_bergelson_2020/giraffe.jpg,0.705
/content/drive/My Drive/peekbank/image_sets/garrison_bergelson_2020/kitty15.jpg,/content/drive/My Drive/peekbank/image_sets/garrison_bergelson_2020/bird4.jpg,0.771
/content/drive/My Drive/peekbank/image_sets/garrison_bergelson_2020/milk.jpg,/content/drive/My Drive/peekbank/image_sets/garrison_bergelson_2020/phone.jpg,0.857
/content/drive/My Drive/peekbank/image_sets/garrison_bergelson_2020/giraffe10.jpg,/content/drive/My Drive/peekbank/image_sets/garrison_bergelson_2020/elephant22.jpg,0.629
/content/drive/My Drive/peekbank/image_sets/garrison_bergelson_2020/ball.jpg,/content/drive/My Drive/peekbank/image_sets/garrison_bergelson_2020/shoes2.jpg,0.867
/content/drive/My Drive/peekbank/image_sets/garrison_bergelson_2020/elephant22.jpg,/content/drive/My Drive/peekbank/image_sets/garrison_bergelson_2020/giraffe10.jpg,0.629
/content/drive/My Drive/peekbank/image_sets/garrison_bergelson_2020/shoes2.jpg,/content/drive/My Drive/peekbank/image_sets/garrison_bergelson_2020/ball.jpg,0.867
/content/drive/My Drive/peekbank/image_sets/garrison_bergelson_2020/bird4.jpg,/content/drive/My Drive/peekbank/image_sets/garrison_bergelson_2020/kitty15.jpg,0.771
/content/drive/My Drive/peekbank/image_sets/garrison_bergelson_2020/giraffe.jpg,/content/drive/My Drive/peekbank/image_sets/garrison_bergelson_2020/elephant.jpg,0.705
/content/drive/My Drive/peekbank/image_sets/garrison_bergelson_2020/milk13.jpg,/content/drive/My Drive/peekbank/image_sets/garrison_bergelson_2020/phone16.jpg,0.703
/content/drive/My Drive/peekbank/image_sets/garrison_bergelson_2020/kitty.jpg,/content/drive/My Drive/peekbank/image_sets/garrison_bergelson_2020/bird.jpg,0.739
/content/drive/My Drive/peekbank/image_sets/garrison_bergelson_2020/phone.jpg,/content/drive/My Drive/peekbank/image_sets/garrison_bergelson_2020/milk.jpg,0.857
/content/drive/My Drive/peekbank/image_sets/garrison_bergelson_2020/crib2.jpg,/content/drive/My Drive/peekbank/image_sets/garrison_bergelson_2020/highchair8.jpg,0.703
/content/drive/My Drive/peekbank/image_sets/garrison_bergelson_2020/spoon18.jpg,/content/drive/My Drive/peekbank/image_sets/garrison_bergelson_2020/car21.jpg,0.854
/content/drive/My Drive/peekbank/image_sets/garrison_bergelson_2020/diaper.jpg,/content/drive/My Drive/peekbank/image_sets/garrison_bergelson_2020/book7.jpg,0.862
/content/drive/My Drive/peekbank/image_sets/garrison_bergelson_2020/keys.jpg,/content/drive/My Drive/peekbank/image_sets/garrison_bergelson_2020/milk.jpg,0.897
/content/drive/My Drive/peekbank/image_sets/garrison_bergelson_2020/highchair8.jpg,/content/drive/My Drive/peekbank/image_sets/garrison_bergelson_2020/crib2.jpg,0.703
/content/drive/My Drive/peekbank/image_sets/garrison_bergelson_2020/book7.jpg,/content/drive/My Drive/peekbank/image_sets/garrison_bergelson_2020/diaper.jpg,0.862
/content/drive/My Drive/peekbank/image_sets/garrison_bergelson_2020/spoon.jpg,/content/drive/My Drive/peekbank/image_sets/garrison_bergelson_2020/car3.jpg,0.834
/content/drive/My Drive/peekbank/image_sets/garrison_bergelson_2020/diaper13.jpg,/content/drive/My Drive/peekbank/image_sets/garrison_bergelson_2020/book79.jpg,0.661
/content/drive/My Drive/peekbank/image_sets/garrison_bergelson_2020/crib.jpg,/content/drive/My Drive/peekbank/image_sets/garrison_bergelson_2020/highchair.jpg,0.67
/content/drive/My Drive/peekbank/image_sets/garrison_bergelson_2020/milk14.jpg,/content/drive/My Drive/peekbank/image_sets/garrison_bergelson_2020/keys9.jpg,0.791
/content/drive/My Drive/peekbank/image_sets/garrison_bergelson_2020/car21.jpg,/content/drive/My Drive/peekbank/image_sets/garrison_bergelson_2020/spoon18.jpg,0.854
/content/drive/My Drive/peekbank/image_sets/garrison_bergelson_2020/highchair.jpg,/content/drive/My Drive/peekbank/image_sets/garrison_bergelson_2020/crib.jpg,0.67
/content/drive/My Drive/peekbank/image_sets/garrison_bergelson_2020/book79.jpg,/content/drive/My Drive/peekbank/image_sets/garrison_bergelson_2020/diaper13.jpg,0.661
/content/drive/My Drive/peekbank/image_sets/garrison_bergelson_2020/milk.jpg,/content/drive/My Drive/peekbank/image_sets/garrison_bergelson_2020/keys.jpg,0.897
/content/drive/My Drive/peekbank/image_sets/garrison_bergelson_2020/car3.jpg,/content/drive/My Drive/peekbank/image_sets/garrison_bergelson_2020/spoon.jpg,0.834
/content/drive/My Drive/peekbank/image_sets/garrison_bergelson_2020/keys9.jpg,/content/drive/My Drive/peekbank/image_sets/garrison_bergelson_2020/milk14.jpg,0.791
/content/drive/My Drive/peekbank/image_sets/garrison_bergelson_2020/ball63.jpg,/content/drive/My Drive/peekbank/image_sets/garrison_bergelson_2020/phone17.jpg,0.867
/content/drive/My Drive/peekbank/image_sets/garrison_bergelson_2020/blanket3.jpg,/content/drive/My Drive/peekbank/image_sets/garrison_bergelson_2020/piano8.jpg,0.78
/content/drive/My Drive/peekbank/image_sets/garrison_bergelson_2020/bottle.jpg,/content/drive/My Drive/peekbank/image_sets/garrison_bergelson_2020/tablet.jpg,0.835
/content/drive/My Drive/peekbank/image_sets/garrison_bergelson_2020/phone17.jpg,/content/drive/My Drive/peekbank/image_sets/garrison_bergelson_2020/ball63.jpg,0.867
/content/drive/My Drive/peekbank/image_sets/garrison_bergelson_2020/remote.jpg,/content/drive/My Drive/peekbank/image_sets/garrison_bergelson_2020/pacifier.jpg,0.538
/content/drive/My Drive/peekbank/image_sets/garrison_bergelson_2020/tablet3.jpg,/content/drive/My Drive/peekbank/image_sets/garrison_bergelson_2020/bottle25.jpg,0.802
/content/drive/My Drive/peekbank/image_sets/garrison_bergelson_2020/piano.jpg,/content/drive/My Drive/peekbank/image_sets/garrison_bergelson_2020/blanket.jpg,0.818
/content/drive/My Drive/peekbank/image_sets/garrison_bergelson_2020/pacifier4.jpg,/content/drive/My Drive/peekbank/image_sets/garrison_bergelson_2020/remote3.jpg,0.851
/content/drive/My Drive/peekbank/image_sets/garrison_bergelson_2020/ball2.jpg,/content/drive/My Drive/peekbank/image_sets/garrison_bergelson_2020/phone8.jpg,0.883
/content/drive/My Drive/peekbank/image_sets/garrison_bergelson_2020/remote3.jpg,/content/drive/My Drive/peekbank/image_sets/garrison_bergelson_2020/pacifier4.jpg,0.851
/content/drive/My Drive/peekbank/image_sets/garrison_bergelson_2020/phone8.jpg,/content/drive/My Drive/peekbank/image_sets/garrison_bergelson_2020/ball2.jpg,0.883
/content/drive/My Drive/peekbank/image_sets/garrison_bergelson_2020/bottle25.jpg,/content/drive/My Drive/peekbank/image_sets/garrison_bergelson_2020/tablet3.jpg,0.802
/content/drive/My Drive/peekbank/image_sets/garrison_bergelson_2020/pacifier.jpg,/content/drive/My Drive/peekbank/image_sets/garrison_bergelson_2020/remote.jpg,0.538
/content/drive/My Drive/peekbank/image_sets/garrison_bergelson_2020/piano8.jpg,/content/drive/My Drive/peekbank/image_sets/garrison_bergelson_2020/blanket3.jpg,0.78
/content/drive/My Drive/peekbank/image_sets/garrison_bergelson_2020/tablet.jpg,/content/drive/My Drive/peekbank/image_sets/garrison_bergelson_2020/bottle.jpg,0.835
/content/drive/My Drive/peekbank/image_sets/garrison_bergelson_2020/blanket.jpg,/content/drive/My Drive/peekbank/image_sets/garrison_bergelson_2020/piano.jpg,0.818
/content/drive/My Drive/peekbank/image_sets/garrison_bergelson_2020/duck11.jpg,/content/drive/My Drive/peekbank/image_sets/garrison_bergelson_2020/kangaroo2.jpg,0.638
/content/drive/My Drive/peekbank/image_sets/garrison_bergelson_2020/sippy2.jpg,/content/drive/My Drive/peekbank/image_sets/garrison_bergelson_2020/book80.jpg,0.844
/content/drive/My Drive/peekbank/image_sets/garrison_bergelson_2020/owl.jpg,/content/drive/My Drive/peekbank/image_sets/garrison_bergelson_2020/bear.jpg,0.806
/content/drive/My Drive/peekbank/image_sets/garrison_bergelson_2020/kangaroo2.jpg,/content/drive/My Drive/peekbank/image_sets/garrison_bergelson_2020/duck11.jpg,0.638
/content/drive/My Drive/peekbank/image_sets/garrison_bergelson_2020/bear.jpg,/content/drive/My Drive/peekbank/image_sets/garrison_bergelson_2020/owl.jpg,0.806
/content/drive/My Drive/peekbank/image_sets/garrison_bergelson_2020/sippy.jpg,/content/drive/My Drive/peekbank/image_sets/garrison_bergelson_2020/book7.jpg,0.84
/content/drive/My Drive/peekbank/image_sets/garrison_bergelson_2020/owl9.jpg,/content/drive/My Drive/peekbank/image_sets/garrison_bergelson_2020/bear14.jpg,0.636
/content/drive/My Drive/peekbank/image_sets/garrison_bergelson_2020/duck.jpg,/content/drive/My Drive/peekbank/image_sets/garrison_bergelson_2020/kangaroo.jpg,0.664
/content/drive/My Drive/peekbank/image_sets/garrison_bergelson_2020/car22.jpg,/content/drive/My Drive/peekbank/image_sets/garrison_bergelson_2020/shoes7.jpg,0.782
/content/drive/My Drive/peekbank/image_sets/garrison_bergelson_2020/book80.jpg,/content/drive/My Drive/peekbank/image_sets/garrison_bergelson_2020/sippy2.jpg,0.844
/content/drive/My Drive/peekbank/image_sets/garrison_bergelson_2020/kangaroo.jpg,/content/drive/My Drive/peekbank/image_sets/garrison_bergelson_2020/duck.jpg,0.664
/content/drive/My Drive/peekbank/image_sets/garrison_bergelson_2020/bear14.jpg,/content/drive/My Drive/peekbank/image_sets/garrison_bergelson_2020/owl9.jpg,0.636
/content/drive/My Drive/peekbank/image_sets/garrison_bergelson_2020/book7.jpg,/content/drive/My Drive/peekbank/image_sets/garrison_bergelson_2020/sippy.jpg,0.84
/content/drive/My Drive/peekbank/image_sets/garrison_bergelson_2020/shoes7.jpg,/content/drive/My Drive/peekbank/image_sets/garrison_bergelson_2020/car22.jpg,0.782
/content/drive/My Drive/peekbank/image_sets/garrison_bergelson_2020/wagon2.jpg,/content/drive/My Drive/peekbank/image_sets/garrison_bergelson_2020/bottle24.jpg,0.706
/content/drive/My Drive/peekbank/image_sets/garrison_bergelson_2020/sandbox2.jpg,/content/drive/My Drive/peekbank/image_sets/garrison_bergelson_2020/bike4.jpg,0.742
/content/drive/My Drive/peekbank/image_sets/garrison_bergelson_2020/train.jpg,/content/drive/My Drive/peekbank/image_sets/garrison_bergelson_2020/chair.jpg,0.849
/content/drive/My Drive/peekbank/image_sets/garrison_bergelson_2020/bottle24.jpg,/content/drive/My Drive/peekbank/image_sets/garrison_bergelson_2020/wagon2.jpg,0.706
/content/drive/My Drive/peekbank/image_sets/garrison_bergelson_2020/slide.jpg,/content/drive/My Drive/peekbank/image_sets/garrison_bergelson_2020/table.jpg,0.843
/content/drive/My Drive/peekbank/image_sets/garrison_bergelson_2020/chair16.jpg,/content/drive/My Drive/peekbank/image_sets/garrison_bergelson_2020/train22.jpg,0.669
/content/drive/My Drive/peekbank/image_sets/garrison_bergelson_2020/bike.jpg,/content/drive/My Drive/peekbank/image_sets/garrison_bergelson_2020/sandbox.jpg,0.914
/content/drive/My Drive/peekbank/image_sets/garrison_bergelson_2020/table6.jpg,/content/drive/My Drive/peekbank/image_sets/garrison_bergelson_2020/slide7.jpg,0.606
/content/drive/My Drive/peekbank/image_sets/garrison_bergelson_2020/wagon.jpg,/content/drive/My Drive/peekbank/image_sets/garrison_bergelson_2020/bottle.jpg,0.773
/content/drive/My Drive/peekbank/image_sets/garrison_bergelson_2020/slide7.jpg,/content/drive/My Drive/peekbank/image_sets/garrison_bergelson_2020/table6.jpg,0.606
/content/drive/My Drive/peekbank/image_sets/garrison_bergelson_2020/bottle.jpg,/content/drive/My Drive/peekbank/image_sets/garrison_bergelson_2020/wagon.jpg,0.773
/content/drive/My Drive/peekbank/image_sets/garrison_bergelson_2020/train22.jpg,/content/drive/My Drive/peekbank/image_sets/garrison_bergelson_2020/chair16.jpg,0.669
/content/drive/My Drive/peekbank/image_sets/garrison_bergelson_2020/table.jpg,/content/drive/My Drive/peekbank/image_sets/garrison_bergelson_2020/slide.jpg,0.843
/content/drive/My Drive/peekbank/image_sets/garrison_bergelson_2020/bike4.jpg,/content/drive/My Drive/peekbank/image_sets/garrison_bergelson_2020/sandbox2.jpg,0.742
/content/drive/My Drive/peekbank/image_sets/garrison_bergelson_2020/chair.jpg,/content/drive/My Drive/peekbank/image_sets/garrison_bergelson_2020/train.jpg,0.849
/content/drive/My Drive/peekbank/image_sets/garrison_bergelson_2020/sandbox.jpg,/content/drive/My Drive/peekbank/image_sets/garrison_bergelson_2020/bike.jpg,0.914
/content/drive/My Drive/peekbank/image_sets/garrison_bergelson_2020/ball62.jpg,/content/drive/My Drive/peekbank/image_sets/garrison_bergelson_2020/cup20.jpg,0.816
/content/drive/My Drive/peekbank/image_sets/garrison_bergelson_2020/highchair9.jpg,/content/drive/My Drive/peekbank/image_sets/garrison_bergelson_2020/shoe18.jpg,0.604
/content/drive/My Drive/peekbank/image_sets/garrison_bergelson_2020/spoon.jpg,/content/drive/My Drive/peekbank/image_sets/garrison_bergelson_2020/chair.jpg,0.817
/content/drive/My Drive/peekbank/image_sets/garrison_bergelson_2020/doggy.jpg,/content/drive/My Drive/peekbank/image_sets/garrison_bergelson_2020/fish.jpg,0.696
/content/drive/My Drive/peekbank/image_sets/garrison_bergelson_2020/cup20.jpg,/content/drive/My Drive/peekbank/image_sets/garrison_bergelson_2020/ball62.jpg,0.816
/content/drive/My Drive/peekbank/image_sets/garrison_bergelson_2020/chair.jpg,/content/drive/My Drive/peekbank/image_sets/garrison_bergelson_2020/spoon.jpg,0.817
/content/drive/My Drive/peekbank/image_sets/garrison_bergelson_2020/spoon19.jpg,/content/drive/My Drive/peekbank/image_sets/garrison_bergelson_2020/chair17.jpg,0.769
/content/drive/My Drive/peekbank/image_sets/garrison_bergelson_2020/fish14.jpg,/content/drive/My Drive/peekbank/image_sets/garrison_bergelson_2020/doggy25.jpg,0.804
/content/drive/My Drive/peekbank/image_sets/garrison_bergelson_2020/shoe18.jpg,/content/drive/My Drive/peekbank/image_sets/garrison_bergelson_2020/highchair9.jpg,0.604
/content/drive/My Drive/peekbank/image_sets/garrison_bergelson_2020/chair17.jpg,/content/drive/My Drive/peekbank/image_sets/garrison_bergelson_2020/spoon19.jpg,0.769
/content/drive/My Drive/peekbank/image_sets/garrison_bergelson_2020/fish.jpg,/content/drive/My Drive/peekbank/image_sets/garrison_bergelson_2020/doggy.jpg,0.696
/content/drive/My Drive/peekbank/image_sets/garrison_bergelson_2020/doggy25.jpg,/content/drive/My Drive/peekbank/image_sets/garrison_bergelson_2020/fish14.jpg,0.804
/content/drive/My Drive/peekbank/image_sets/garrison_bergelson_2020/bunny10.jpg,/content/drive/My Drive/peekbank/image_sets/garrison_bergelson_2020/duck12.jpg,0.628
/content/drive/My Drive/peekbank/image_sets/garrison_bergelson_2020/pacifier5.jpg,/content/drive/My Drive/peekbank/image_sets/garrison_bergelson_2020/highchair10.jpg,0.715
/content/drive/My Drive/peekbank/image_sets/garrison_bergelson_2020/ball.jpg,/content/drive/My Drive/peekbank/image_sets/garrison_bergelson_2020/flower.jpg,0.625
/content/drive/My Drive/peekbank/image_sets/garrison_bergelson_2020/duck12.jpg,/content/drive/My Drive/peekbank/image_sets/garrison_bergelson_2020/bunny10.jpg,0.628
/content/drive/My Drive/peekbank/image_sets/garrison_bergelson_2020/puzzle.jpg,/content/drive/My Drive/peekbank/image_sets/garrison_bergelson_2020/water.jpg,0.95
/content/drive/My Drive/peekbank/image_sets/garrison_bergelson_2020/flower8.jpg,/content/drive/My Drive/peekbank/image_sets/garrison_bergelson_2020/ball64.jpg,0.637
/content/drive/My Drive/peekbank/image_sets/garrison_bergelson_2020/highchair.jpg,/content/drive/My Drive/peekbank/image_sets/garrison_bergelson_2020/paci3.jpg,0.774
/content/drive/My Drive/peekbank/image_sets/garrison_bergelson_2020/water30.jpg,/content/drive/My Drive/peekbank/image_sets/garrison_bergelson_2020/puzzle9.jpg,0.825
/content/drive/My Drive/peekbank/image_sets/garrison_bergelson_2020/bunny.jpg,/content/drive/My Drive/peekbank/image_sets/garrison_bergelson_2020/duck.jpg,0.608
/content/drive/My Drive/peekbank/image_sets/garrison_bergelson_2020/puzzle9.jpg,/content/drive/My Drive/peekbank/image_sets/garrison_bergelson_2020/water30.jpg,0.825
/content/drive/My Drive/peekbank/image_sets/garrison_bergelson_2020/duck.jpg,/content/drive/My Drive/peekbank/image_sets/garrison_bergelson_2020/bunny.jpg,0.608
/content/drive/My Drive/peekbank/image_sets/garrison_bergelson_2020/ball64.jpg,/content/drive/My Drive/peekbank/image_sets/garrison_bergelson_2020/flower8.jpg,0.637
/content/drive/My Drive/peekbank/image_sets/garrison_bergelson_2020/water.jpg,/content/drive/My Drive/peekbank/image_sets/garrison_bergelson_2020/puzzle.jpg,0.95
/content/drive/My Drive/peekbank/image_sets/garrison_bergelson_2020/highchair10.jpg,/content/drive/My Drive/peekbank/image_sets/garrison_bergelson_2020/pacifier5.jpg,0.715
/content/drive/My Drive/peekbank/image_sets/garrison_bergelson_2020/flower.jpg,/content/drive/My Drive/peekbank/image_sets/garrison_bergelson_2020/ball.jpg,0.625
/content/drive/My Drive/peekbank/image_sets/garrison_bergelson_2020/paci3.jpg,/content/drive/My Drive/peekbank/image_sets/garrison_bergelson_2020/highchair.jpg,0.774
/content/drive/My Drive/peekbank/image_sets/garrison_bergelson_2020/dog24.jpg,/content/drive/My Drive/peekbank/image_sets/garrison_bergelson_2020/cat17.jpg,0.537
/content/drive/My Drive/peekbank/image_sets/garrison_bergelson_2020/ball68.jpg,/content/drive/My Drive/peekbank/image_sets/garrison_bergelson_2020/spoon20.jpg,0.823
/content/drive/My Drive/peekbank/image_sets/garrison_bergelson_2020/book7.jpg,/content/drive/My Drive/peekbank/image_sets/garrison_bergelson_2020/hat.jpg,0.875
/content/drive/My Drive/peekbank/image_sets/garrison_bergelson_2020/cat17.jpg,/content/drive/My Drive/peekbank/image_sets/garrison_bergelson_2020/dog24.jpg,0.537
/content/drive/My Drive/peekbank/image_sets/garrison_bergelson_2020/pacifier.jpg,/content/drive/My Drive/peekbank/image_sets/garrison_bergelson_2020/water.jpg,0.863
/content/drive/My Drive/peekbank/image_sets/garrison_bergelson_2020/hat8.jpg,/content/drive/My Drive/peekbank/image_sets/garrison_bergelson_2020/book82.jpg,0.742
/content/drive/My Drive/peekbank/image_sets/garrison_bergelson_2020/spoon.jpg,/content/drive/My Drive/peekbank/image_sets/garrison_bergelson_2020/ball.jpg,0.764
/content/drive/My Drive/peekbank/image_sets/garrison_bergelson_2020/water31.jpg,/content/drive/My Drive/peekbank/image_sets/garrison_bergelson_2020/pacifier6.jpg,0.741
/content/drive/My Drive/peekbank/image_sets/garrison_bergelson_2020/dog.jpg,/content/drive/My Drive/peekbank/image_sets/garrison_bergelson_2020/cat2.jpg,0.573
/content/drive/My Drive/peekbank/image_sets/garrison_bergelson_2020/pacifier6.jpg,/content/drive/My Drive/peekbank/image_sets/garrison_bergelson_2020/water31.jpg,0.741
/content/drive/My Drive/peekbank/image_sets/garrison_bergelson_2020/cat2.jpg,/content/drive/My Drive/peekbank/image_sets/garrison_bergelson_2020/dog.jpg,0.573
/content/drive/My Drive/peekbank/image_sets/garrison_bergelson_2020/book82.jpg,/content/drive/My Drive/peekbank/image_sets/garrison_bergelson_2020/hat8.jpg,0.742
/content/drive/My Drive/peekbank/image_sets/garrison_bergelson_2020/water.jpg,/content/drive/My Drive/peekbank/image_sets/garrison_bergelson_2020/pacifier.jpg,0.863
/content/drive/My Drive/peekbank/image_sets/garrison_bergelson_2020/spoon20.jpg,/content/drive/My Drive/peekbank/image_sets/garrison_bergelson_2020/ball68.jpg,0.823
/content/drive/My Drive/peekbank/image_sets/garrison_bergelson_2020/hat.jpg,/content/drive/My Drive/peekbank/image_sets/garrison_bergelson_2020/book7.jpg,0.875
/content/drive/My Drive/peekbank/image_sets/garrison_bergelson_2020/ball.jpg,/content/drive/My Drive/peekbank/image_sets/garrison_bergelson_2020/spoon.jpg,0.764
/content/drive/My Drive/peekbank/image_sets/garrison_bergelson_2020/bottle26.jpg,/content/drive/My Drive/peekbank/image_sets/garrison_bergelson_2020/diaper15.jpg,0.578
/content/drive/My Drive/peekbank/image_sets/garrison_bergelson_2020/cup21.jpg,/content/drive/My Drive/peekbank/image_sets/garrison_bergelson_2020/book83.jpg,0.934
/content/drive/My Drive/peekbank/image_sets/garrison_bergelson_2020/lion.jpg,/content/drive/My Drive/peekbank/image_sets/garrison_bergelson_2020/frog.jpg,0.628
/content/drive/My Drive/peekbank/image_sets/garrison_bergelson_2020/block.jpg,/content/drive/My Drive/peekbank/image_sets/garrison_bergelson_2020/ball.jpg,0.837
/content/drive/My Drive/peekbank/image_sets/garrison_bergelson_2020/diaper15.jpg,/content/drive/My Drive/peekbank/image_sets/garrison_bergelson_2020/bottle26.jpg,0.578
/content/drive/My Drive/peekbank/image_sets/garrison_bergelson_2020/frog.jpg,/content/drive/My Drive/peekbank/image_sets/garrison_bergelson_2020/lion.jpg,0.628
/content/drive/My Drive/peekbank/image_sets/garrison_bergelson_2020/lion7.jpg,/content/drive/My Drive/peekbank/image_sets/garrison_bergelson_2020/frog8.jpg,0.849
/content/drive/My Drive/peekbank/image_sets/garrison_bergelson_2020/bottle.jpg,/content/drive/My Drive/peekbank/image_sets/garrison_bergelson_2020/diaper.jpg,0.602
/content/drive/My Drive/peekbank/image_sets/garrison_bergelson_2020/ball69.jpg,/content/drive/My Drive/peekbank/image_sets/garrison_bergelson_2020/block9.jpg,0.776
/content/drive/My Drive/peekbank/image_sets/garrison_bergelson_2020/book83.jpg,/content/drive/My Drive/peekbank/image_sets/garrison_bergelson_2020/cup21.jpg,0.934
/content/drive/My Drive/peekbank/image_sets/garrison_bergelson_2020/diaper.jpg,/content/drive/My Drive/peekbank/image_sets/garrison_bergelson_2020/bottle.jpg,0.602
/content/drive/My Drive/peekbank/image_sets/garrison_bergelson_2020/frog8.jpg,/content/drive/My Drive/peekbank/image_sets/garrison_bergelson_2020/lion7.jpg,0.849
/content/drive/My Drive/peekbank/image_sets/garrison_bergelson_2020/ball.jpg,/content/drive/My Drive/peekbank/image_sets/garrison_bergelson_2020/block.jpg,0.837
/content/drive/My Drive/peekbank/image_sets/garrison_bergelson_2020/block9.jpg,/content/drive/My Drive/peekbank/image_sets/garrison_bergelson_2020/ball69.jpg,0.776
/content/drive/My Drive/peekbank/image_sets/garrison_bergelson_2020/ball70.jpg,/content/drive/My Drive/peekbank/image_sets/garrison_bergelson_2020/shoe20.jpg,0.82
/content/drive/My Drive/peekbank/image_sets/garrison_bergelson_2020/spoon21.jpg,/content/drive/My Drive/peekbank/image_sets/garrison_bergelson_2020/blocks21.jpg,0.848
/content/drive/My Drive/peekbank/image_sets/garrison_bergelson_2020/book7.jpg,/content/drive/My Drive/peekbank/image_sets/garrison_bergelson_2020/phone7.jpg,0.788
/content/drive/My Drive/peekbank/image_sets/garrison_bergelson_2020/shoe20.jpg,/content/drive/My Drive/peekbank/image_sets/garrison_bergelson_2020/ball70.jpg,0.82
/content/drive/My Drive/peekbank/image_sets/garrison_bergelson_2020/milk.jpg,/content/drive/My Drive/peekbank/image_sets/garrison_bergelson_2020/paci.jpg,0.757
/content/drive/My Drive/peekbank/image_sets/garrison_bergelson_2020/phone18.jpg,/content/drive/My Drive/peekbank/image_sets/garrison_bergelson_2020/book84.jpg,0.834
/content/drive/My Drive/peekbank/image_sets/garrison_bergelson_2020/blocks2.jpg,/content/drive/My Drive/peekbank/image_sets/garrison_bergelson_2020/spoon.jpg,0.791
/content/drive/My Drive/peekbank/image_sets/garrison_bergelson_2020/paci8.jpg,/content/drive/My Drive/peekbank/image_sets/garrison_bergelson_2020/milk17.jpg,0.565
/content/drive/My Drive/peekbank/image_sets/garrison_bergelson_2020/ball.jpg,/content/drive/My Drive/peekbank/image_sets/garrison_bergelson_2020/shoe.jpg,0.853
/content/drive/My Drive/peekbank/image_sets/garrison_bergelson_2020/milk17.jpg,/content/drive/My Drive/peekbank/image_sets/garrison_bergelson_2020/paci8.jpg,0.565
/content/drive/My Drive/peekbank/image_sets/garrison_bergelson_2020/shoe.jpg,/content/drive/My Drive/peekbank/image_sets/garrison_bergelson_2020/ball.jpg,0.853
/content/drive/My Drive/peekbank/image_sets/garrison_bergelson_2020/book84.jpg,/content/drive/My Drive/peekbank/image_sets/garrison_bergelson_2020/phone18.jpg,0.834
/content/drive/My Drive/peekbank/image_sets/garrison_bergelson_2020/paci.jpg,/content/drive/My Drive/peekbank/image_sets/garrison_bergelson_2020/milk.jpg,0.757
/content/drive/My Drive/peekbank/image_sets/garrison_bergelson_2020/blocks21.jpg,/content/drive/My Drive/peekbank/image_sets/garrison_bergelson_2020/spoon21.jpg,0.848
/content/drive/My Drive/peekbank/image_sets/garrison_bergelson_2020/phone7.jpg,/content/drive/My Drive/peekbank/image_sets/garrison_bergelson_2020/book7.jpg,0.788
/content/drive/My Drive/peekbank/image_sets/garrison_bergelson_2020/spoon.jpg,/content/drive/My Drive/peekbank/image_sets/garrison_bergelson_2020/blocks2.jpg,0.791
